{
  "actor/entropy": 7.0442728996276855,
  "perf/mfu/actor_infer": 0,
  "training/rollout_probs_diff_valid": 1,
  "training/rollout_probs_diff_max": 0.08532649278640747,
  "training/rollout_probs_diff_mean": 0.0017598408740013838,
  "training/rollout_probs_diff_std": 0.005649808328598738,
  "training/rollout_actor_probs_pearson_corr": 0.999774694442749,
  "reward/overall": -0.8534765625,
  "reward/format_score": -0.8125,
  "reward/uncertainty_score": 0.05625000000000001,
  "reward/repetition_penalty": 0.0078125,
  "reward/sc_score": 0.075,
  "reward/avg_tool_calls": 0.01171875,
  "actor/reward_kl_penalty": 0.0,
  "actor/reward_kl_penalty_coeff": 0.01,
  "rollout_corr/rollout_is_veto_fraction": 0.0,
  "rollout_corr/rollout_is_catastrophic_token_fraction": 0.0,
  "rollout_corr/training_ppl": 2533.6728515625,
  "rollout_corr/training_log_ppl": 6.286141395568848,
  "rollout_corr/kl": 0.0013889854308217764,
  "rollout_corr/k3_kl": 0.001292134285904467,
  "rollout_corr/rollout_ppl": 2525.8837890625,
  "rollout_corr/rollout_log_ppl": 6.282713890075684,
  "rollout_corr/log_ppl_diff": 0.0034272209741175175,
  "rollout_corr/log_ppl_abs_diff": 0.006249402184039354,
  "rollout_corr/log_ppl_diff_max": 0.05596780776977539,
  "rollout_corr/log_ppl_diff_min": -0.038941383361816406,
  "rollout_corr/ppl_ratio": 1.0035018920898438,
  "rollout_corr/chi2_token": 0.0024091005325317383,
  "rollout_corr/chi2_seq": 0.6852874755859375,
  "training/global_step": 2,
  "training/epoch": 0,
  "critic/score/mean": -0.8534765839576721,
  "critic/score/max": 1.9166666269302368,
  "critic/score/min": -1.0,
  "critic/rewards/mean": -0.8534765839576721,
  "critic/rewards/max": 1.9166666269302368,
  "critic/rewards/min": -1.0,
  "critic/advantages/mean": -0.028287015855312347,
  "critic/advantages/max": 1.4999990463256836,
  "critic/advantages/min": -0.8660238981246948,
  "critic/returns/mean": -0.028287015855312347,
  "critic/returns/max": 1.4999990463256836,
  "critic/returns/min": -0.8660238981246948,
  "response_length/mean": 323.625,
  "response_length/max": 512.0,
  "response_length/min": 2.0,
  "response_length/clip_ratio": 0.5,
  "response_length_non_aborted/mean": 323.625,
  "response_length_non_aborted/max": 512.0,
  "response_length_non_aborted/min": 2.0,
  "response_length_non_aborted/clip_ratio": 0.5,
  "response/aborted_ratio": 0.0,
  "prompt_length/mean": 201.0,
  "prompt_length/max": 201.0,
  "prompt_length/min": 201.0,
  "prompt_length/clip_ratio": 0.0,
  "num_turns/min": 2,
  "num_turns/max": 2,
  "num_turns/mean": 2.0,
  "timing_s/start_profile": 0.0008258189773187041,
  "timing_s/agent_loop/generate_sequences/min": 4.185690087033436,
  "timing_s/agent_loop/generate_sequences/max": 48.90987971902359,
  "timing_s/agent_loop/generate_sequences/mean": 25.83334530443699,
  "timing_s/agent_loop/tool_calls/min": 0.0,
  "timing_s/agent_loop/tool_calls/max": 0.0,
  "timing_s/agent_loop/tool_calls/mean": 0.0,
  "timing_s/agent_loop/slowest/generate_sequences": 48.90987971902359,
  "timing_s/agent_loop/slowest/tool_calls": 0.0,
  "timing_s/agent_loop/slowest/prompt_length": 201,
  "timing_s/agent_loop/slowest/response_length": 512,
  "timing_s/gen": 55.87277576001361,
  "timing_s/reward": 0.05188698007259518,
  "timing_s/old_log_prob": 16.04327755398117,
  "timing_s/ref": 12.866739887045696,
  "timing_s/adv": 221.6489449350629,
  "timing_s/step": 306.48668355005793,
  "timing_s/save_checkpoint": 23.938943660934456,
  "timing_s/stop_profile": 0.0005171849625185132,
  "timing_per_token_ms/gen": 1.348802041329027,
  "timing_per_token_ms/adv": 3.300705041325097,
  "timing_per_token_ms/ref": 0.19160620513232213,
  "perf/total_num_tokens": 67152,
  "perf/time_per_step": 306.48668355005793,
  "perf/throughput": 109.55125231245518
}