{
  "actor/entropy": 6.9339799880981445,
  "perf/mfu/actor_infer": 0,
  "training/rollout_probs_diff_valid": 1,
  "training/rollout_probs_diff_max": 0.09999436140060425,
  "training/rollout_probs_diff_mean": 0.0017054304480552673,
  "training/rollout_probs_diff_std": 0.005655147135257721,
  "training/rollout_actor_probs_pearson_corr": 0.9998102784156799,
  "reward/overall": -0.8748046875,
  "reward/format_score": -0.8125,
  "reward/uncertainty_score": 0.034375,
  "reward/repetition_penalty": 0.0078125,
  "reward/sc_score": 0.08359375,
  "reward/avg_tool_calls": 0.03125,
  "actor/reward_kl_penalty": 0.0,
  "actor/reward_kl_penalty_coeff": -1.721036800000001e-05,
  "rollout_corr/rollout_is_veto_fraction": 0.0,
  "rollout_corr/rollout_is_catastrophic_token_fraction": 0.0,
  "rollout_corr/training_ppl": 2887.1865234375,
  "rollout_corr/training_log_ppl": 6.229671478271484,
  "rollout_corr/kl": 0.0012908384669572115,
  "rollout_corr/k3_kl": 0.0012276521883904934,
  "rollout_corr/rollout_ppl": 2883.2314453125,
  "rollout_corr/rollout_log_ppl": 6.225872993469238,
  "rollout_corr/log_ppl_diff": 0.0037985059898346663,
  "rollout_corr/log_ppl_abs_diff": 0.007180296815931797,
  "rollout_corr/log_ppl_diff_max": 0.11547327041625977,
  "rollout_corr/log_ppl_diff_min": -0.08749842643737793,
  "rollout_corr/ppl_ratio": 1.0039989948272705,
  "rollout_corr/chi2_token": 0.0023337602615356445,
  "rollout_corr/chi2_seq": 0.8858013153076172,
  "training/global_step": 7,
  "training/epoch": 0,
  "critic/score/mean": -0.8748046159744263,
  "critic/score/max": 1.5166666507720947,
  "critic/score/min": -1.0,
  "critic/rewards/mean": -0.8748046159744263,
  "critic/rewards/max": 1.5166666507720947,
  "critic/rewards/min": -1.0,
  "critic/advantages/mean": -0.06229572370648384,
  "critic/advantages/max": 1.4999980926513672,
  "critic/advantages/min": -0.8660238981246948,
  "critic/returns/mean": -0.06229572370648384,
  "critic/returns/max": 1.4999980926513672,
  "critic/returns/min": -0.8660238981246948,
  "response_length/mean": 348.4765625,
  "response_length/max": 512.0,
  "response_length/min": 2.0,
  "response_length/clip_ratio": 0.5625,
  "response_length_non_aborted/mean": 348.4765625,
  "response_length_non_aborted/max": 512.0,
  "response_length_non_aborted/min": 2.0,
  "response_length_non_aborted/clip_ratio": 0.5625,
  "response/aborted_ratio": 0.0,
  "prompt_length/mean": 201.0,
  "prompt_length/max": 201.0,
  "prompt_length/min": 201.0,
  "prompt_length/clip_ratio": 0.0,
  "num_turns/min": 2,
  "num_turns/max": 2,
  "num_turns/mean": 2.0,
  "timing_s/start_profile": 7.962703239172697e-05,
  "timing_s/agent_loop/generate_sequences/min": 4.784841855056584,
  "timing_s/agent_loop/generate_sequences/max": 66.12068159796763,
  "timing_s/agent_loop/generate_sequences/mean": 33.00401751460595,
  "timing_s/agent_loop/tool_calls/min": 0.0,
  "timing_s/agent_loop/tool_calls/max": 0.0,
  "timing_s/agent_loop/tool_calls/mean": 0.0,
  "timing_s/agent_loop/slowest/generate_sequences": 66.12068159796763,
  "timing_s/agent_loop/slowest/tool_calls": 0.0,
  "timing_s/agent_loop/slowest/prompt_length": 201,
  "timing_s/agent_loop/slowest/response_length": 512,
  "timing_s/gen": 73.97617103799712,
  "timing_s/reward": 0.018368702032603323,
  "timing_s/old_log_prob": 15.510311936028302,
  "timing_s/ref": 11.338583573000506,
  "timing_s/adv": 164.59759902302176,
  "timing_s/step": 265.44308075797744,
  "timing_s/save_checkpoint": 22.75326873292215,
  "timing_s/stop_profile": 0.0002006900031119585,
  "timing_per_token_ms/gen": 1.6584726160295284,
  "timing_per_token_ms/adv": 2.340261314361989,
  "timing_per_token_ms/ref": 0.1612128527576032,
  "perf/total_num_tokens": 70333,
  "perf/time_per_step": 265.44308075797744,
  "perf/throughput": 132.48226286246162
}