{
  "actor/entropy": 6.867053031921387,
  "perf/mfu/actor_infer": 0,
  "training/rollout_probs_diff_valid": 1,
  "training/rollout_probs_diff_max": 0.09044468402862549,
  "training/rollout_probs_diff_mean": 0.0018829931505024433,
  "training/rollout_probs_diff_std": 0.00585515471175313,
  "training/rollout_actor_probs_pearson_corr": 0.9997859597206116,
  "reward/overall": -0.8157142857142856,
  "reward/format_score": -0.78125,
  "reward/uncertainty_score": 0.078125,
  "reward/repetition_penalty": 0.0078125,
  "reward/sc_score": 0.08515624999999999,
  "reward/avg_tool_calls": 0.025,
  "actor/reward_kl_penalty": 0.0,
  "actor/reward_kl_penalty_coeff": -0.0028000000000000004,
  "rollout_corr/rollout_is_veto_fraction": 0.0,
  "rollout_corr/rollout_is_catastrophic_token_fraction": 0.0,
  "rollout_corr/training_ppl": 2384.64111328125,
  "rollout_corr/training_log_ppl": 5.932661533355713,
  "rollout_corr/kl": 0.0015628142282366753,
  "rollout_corr/k3_kl": 0.0012361584231257439,
  "rollout_corr/rollout_ppl": 2377.81494140625,
  "rollout_corr/rollout_log_ppl": 5.930995941162109,
  "rollout_corr/log_ppl_diff": 0.0016658201348036528,
  "rollout_corr/log_ppl_abs_diff": 0.005123018752783537,
  "rollout_corr/log_ppl_diff_max": 0.039345741271972656,
  "rollout_corr/log_ppl_diff_min": -0.03884124755859375,
  "rollout_corr/ppl_ratio": 1.0017071962356567,
  "rollout_corr/chi2_token": 0.0018157958984375,
  "rollout_corr/chi2_seq": 0.33120226860046387,
  "training/global_step": 3,
  "training/epoch": 0,
  "critic/score/mean": -0.8157142400741577,
  "critic/score/max": 1.9285714626312256,
  "critic/score/min": -1.0,
  "critic/rewards/mean": -0.8157142400741577,
  "critic/rewards/max": 1.9285714626312256,
  "critic/rewards/min": -1.0,
  "critic/advantages/mean": -0.06699692457914352,
  "critic/advantages/max": 1.499998927116394,
  "critic/advantages/min": -0.866024911403656,
  "critic/returns/mean": -0.06699692457914352,
  "critic/returns/max": 1.499998927116394,
  "critic/returns/min": -0.866024911403656,
  "response_length/mean": 316.8984375,
  "response_length/max": 512.0,
  "response_length/min": 3.0,
  "response_length/clip_ratio": 0.5078125,
  "response_length_non_aborted/mean": 316.8984375,
  "response_length_non_aborted/max": 512.0,
  "response_length_non_aborted/min": 3.0,
  "response_length_non_aborted/clip_ratio": 0.5078125,
  "response/aborted_ratio": 0.0,
  "prompt_length/mean": 201.0,
  "prompt_length/max": 201.0,
  "prompt_length/min": 201.0,
  "prompt_length/clip_ratio": 0.0,
  "num_turns/min": 2,
  "num_turns/max": 2,
  "num_turns/mean": 2.0,
  "timing_s/start_profile": 0.00022122298832982779,
  "timing_s/agent_loop/generate_sequences/min": 0.2623388789361343,
  "timing_s/agent_loop/generate_sequences/max": 42.418863880913705,
  "timing_s/agent_loop/generate_sequences/mean": 21.17580997967707,
  "timing_s/agent_loop/tool_calls/min": 0.0,
  "timing_s/agent_loop/tool_calls/max": 0.0,
  "timing_s/agent_loop/tool_calls/mean": 0.0,
  "timing_s/agent_loop/slowest/generate_sequences": 42.418863880913705,
  "timing_s/agent_loop/slowest/tool_calls": 0.0,
  "timing_s/agent_loop/slowest/prompt_length": 201,
  "timing_s/agent_loop/slowest/response_length": 512,
  "timing_s/gen": 50.92642016906757,
  "timing_s/reward": 0.030296094017103314,
  "timing_s/old_log_prob": 14.773370823008008,
  "timing_s/ref": 11.026279318029992,
  "timing_s/adv": 220.06389734102413,
  "timing_s/step": 296.8222592229722,
  "timing_s/save_checkpoint": 27.140484104049392,
  "timing_s/stop_profile": 0.00017807702533900738,
  "timing_per_token_ms/gen": 1.2554894896597286,
  "timing_per_token_ms/adv": 3.319664771100513,
  "timing_per_token_ms/ref": 0.16633146759032136,
  "perf/total_num_tokens": 66291,
  "perf/time_per_step": 296.8222592229722,
  "perf/throughput": 111.66783814249314
}