{
  "actor/entropy": 7.001657962799072,
  "perf/mfu/actor_infer": 0,
  "training/rollout_probs_diff_valid": 1,
  "training/rollout_probs_diff_max": 0.11927157640457153,
  "training/rollout_probs_diff_mean": 0.0017577075632289052,
  "training/rollout_probs_diff_std": 0.005681450944393873,
  "training/rollout_actor_probs_pearson_corr": 0.9997535943984985,
  "reward/overall": -0.7839899553571429,
  "reward/format_score": -0.78125,
  "reward/uncertainty_score": 0.1125,
  "reward/repetition_penalty": 0.0078125,
  "reward/sc_score": 0.065625,
  "reward/avg_tool_calls": 0.00546875,
  "actor/reward_kl_penalty": 0.0,
  "actor/reward_kl_penalty_coeff": 2.3221826508921267e-09,
  "rollout_corr/rollout_is_veto_fraction": 0.0,
  "rollout_corr/rollout_is_catastrophic_token_fraction": 0.0,
  "rollout_corr/training_ppl": 2132.248779296875,
  "rollout_corr/training_log_ppl": 6.072393417358398,
  "rollout_corr/kl": 0.0011076962109655142,
  "rollout_corr/k3_kl": 0.0013285159366205335,
  "rollout_corr/rollout_ppl": 2127.966796875,
  "rollout_corr/rollout_log_ppl": 6.070446491241455,
  "rollout_corr/log_ppl_diff": 0.0019468085374683142,
  "rollout_corr/log_ppl_abs_diff": 0.005537767428904772,
  "rollout_corr/log_ppl_diff_max": 0.042099952697753906,
  "rollout_corr/log_ppl_diff_min": -0.06534337997436523,
  "rollout_corr/ppl_ratio": 1.0020052194595337,
  "rollout_corr/chi2_token": 0.0031033754348754883,
  "rollout_corr/chi2_seq": 2.1836888790130615,
  "training/global_step": 14,
  "training/epoch": 0,
  "critic/score/mean": -0.7839899659156799,
  "critic/score/max": 1.9285714626312256,
  "critic/score/min": -1.0,
  "critic/rewards/mean": -0.7839899659156799,
  "critic/rewards/max": 1.9285714626312256,
  "critic/rewards/min": -1.0,
  "critic/advantages/mean": -0.0438997857272625,
  "critic/advantages/max": 1.499998927116394,
  "critic/advantages/min": -0.7926920056343079,
  "critic/returns/mean": -0.0438997857272625,
  "critic/returns/max": 1.499998927116394,
  "critic/returns/min": -0.7926920056343079,
  "response_length/mean": 300.671875,
  "response_length/max": 512.0,
  "response_length/min": 2.0,
  "response_length/clip_ratio": 0.4765625,
  "response_length_non_aborted/mean": 300.671875,
  "response_length_non_aborted/max": 512.0,
  "response_length_non_aborted/min": 2.0,
  "response_length_non_aborted/clip_ratio": 0.4765625,
  "response/aborted_ratio": 0.0,
  "prompt_length/mean": 201.0,
  "prompt_length/max": 201.0,
  "prompt_length/min": 201.0,
  "prompt_length/clip_ratio": 0.0,
  "num_turns/min": 2,
  "num_turns/max": 2,
  "num_turns/mean": 2.0,
  "timing_s/start_profile": 0.00011146394535899162,
  "timing_s/agent_loop/generate_sequences/min": 0.31045622401870787,
  "timing_s/agent_loop/generate_sequences/max": 45.05113457900006,
  "timing_s/agent_loop/generate_sequences/mean": 21.302591740488424,
  "timing_s/agent_loop/tool_calls/min": 0.0,
  "timing_s/agent_loop/tool_calls/max": 0.0,
  "timing_s/agent_loop/tool_calls/mean": 0.0,
  "timing_s/agent_loop/slowest/generate_sequences": 45.05113457900006,
  "timing_s/agent_loop/slowest/tool_calls": 0.0,
  "timing_s/agent_loop/slowest/prompt_length": 201,
  "timing_s/agent_loop/slowest/response_length": 512,
  "timing_s/gen": 58.398803781950846,
  "timing_s/reward": 0.021414699964225292,
  "timing_s/old_log_prob": 15.024755331105553,
  "timing_s/ref": 11.275037338025868,
  "timing_s/adv": 251.1263043709332,
  "timing_s/step": 335.84838165401015,
  "timing_s/save_checkpoint": 37.06035873002838,
  "timing_s/stop_profile": 8.17769905552268e-05,
  "timing_per_token_ms/gen": 1.517403829495163,
  "timing_per_token_ms/adv": 3.910771862380995,
  "timing_per_token_ms/ref": 0.17558534490961267,
  "perf/total_num_tokens": 64214,
  "perf/time_per_step": 335.84838165401015,
  "perf/throughput": 95.59968650698016
}