{
  "actor/entropy": 6.945305347442627,
  "perf/mfu/actor_infer": 0,
  "training/rollout_probs_diff_valid": 1,
  "training/rollout_probs_diff_max": 0.1107901930809021,
  "training/rollout_probs_diff_mean": 0.0015922231832519174,
  "training/rollout_probs_diff_std": 0.005479840096086264,
  "training/rollout_actor_probs_pearson_corr": 0.9998371601104736,
  "reward/overall": -0.8493394886363637,
  "reward/format_score": -0.828125,
  "reward/uncertainty_score": 0.06875,
  "reward/repetition_penalty": 0.009232954545454546,
  "reward/sc_score": 0.05625,
  "reward/avg_tool_calls": 0.0046875,
  "actor/reward_kl_penalty": 0.0,
  "actor/reward_kl_penalty_coeff": 1.8205911982994275e-10,
  "rollout_corr/rollout_is_veto_fraction": 0.0,
  "rollout_corr/rollout_is_catastrophic_token_fraction": 0.0,
  "rollout_corr/training_ppl": 2510.20947265625,
  "rollout_corr/training_log_ppl": 6.1497087478637695,
  "rollout_corr/kl": 0.0013228707248345017,
  "rollout_corr/k3_kl": 0.0012208562111482024,
  "rollout_corr/rollout_ppl": 2502.13330078125,
  "rollout_corr/rollout_log_ppl": 6.148073196411133,
  "rollout_corr/log_ppl_diff": 0.0016343018505722284,
  "rollout_corr/log_ppl_abs_diff": 0.006385929882526398,
  "rollout_corr/log_ppl_diff_max": 0.05368995666503906,
  "rollout_corr/log_ppl_diff_min": -0.16601800918579102,
  "rollout_corr/ppl_ratio": 1.0017856359481812,
  "rollout_corr/chi2_token": 0.002244710922241211,
  "rollout_corr/chi2_seq": 2.5413894653320312,
  "training/global_step": 16,
  "training/epoch": 0,
  "critic/score/mean": -0.8493394255638123,
  "critic/score/max": 1.9090908765792847,
  "critic/score/min": -1.0,
  "critic/rewards/mean": -0.8493394255638123,
  "critic/rewards/max": 1.9090908765792847,
  "critic/rewards/min": -1.0,
  "critic/advantages/mean": -0.05449580028653145,
  "critic/advantages/max": 1.4999990463256836,
  "critic/advantages/min": -0.8660171627998352,
  "critic/returns/mean": -0.05449580028653145,
  "critic/returns/max": 1.4999990463256836,
  "critic/returns/min": -0.8660171627998352,
  "response_length/mean": 338.03125,
  "response_length/max": 512.0,
  "response_length/min": 2.0,
  "response_length/clip_ratio": 0.5625,
  "response_length_non_aborted/mean": 338.03125,
  "response_length_non_aborted/max": 512.0,
  "response_length_non_aborted/min": 2.0,
  "response_length_non_aborted/clip_ratio": 0.5625,
  "response/aborted_ratio": 0.0,
  "prompt_length/mean": 201.0,
  "prompt_length/max": 201.0,
  "prompt_length/min": 201.0,
  "prompt_length/clip_ratio": 0.0,
  "num_turns/min": 2,
  "num_turns/max": 2,
  "num_turns/mean": 2.0,
  "timing_s/start_profile": 0.0002134509850293398,
  "timing_s/agent_loop/generate_sequences/min": 0.36635715898592025,
  "timing_s/agent_loop/generate_sequences/max": 54.52612576202955,
  "timing_s/agent_loop/generate_sequences/mean": 25.606168529316164,
  "timing_s/agent_loop/tool_calls/min": 0.0,
  "timing_s/agent_loop/tool_calls/max": 0.0,
  "timing_s/agent_loop/tool_calls/mean": 0.0,
  "timing_s/agent_loop/slowest/generate_sequences": 54.52612576202955,
  "timing_s/agent_loop/slowest/tool_calls": 0.0,
  "timing_s/agent_loop/slowest/prompt_length": 201,
  "timing_s/agent_loop/slowest/response_length": 512,
  "timing_s/gen": 66.61210334708448,
  "timing_s/reward": 0.015284199034795165,
  "timing_s/old_log_prob": 15.843529256992042,
  "timing_s/ref": 11.486105149029754,
  "timing_s/adv": 86.99780018592719,
  "timing_s/step": 180.95655449095648,
  "timing_s/save_checkpoint": 29.684026859002188,
  "timing_s/stop_profile": 7.930700667202473e-05,
  "timing_per_token_ms/gen": 1.5395235126903135,
  "timing_per_token_ms/adv": 1.2609107801311263,
  "timing_per_token_ms/ref": 0.16647494273624203,
  "perf/total_num_tokens": 68996,
  "perf/time_per_step": 180.95655449095648,
  "perf/throughput": 190.64244507221804
}