{
  "actor/entropy": 6.836486339569092,
  "perf/mfu/actor_infer": 0,
  "training/rollout_probs_diff_valid": 1,
  "training/rollout_probs_diff_max": 0.4964686334133148,
  "training/rollout_probs_diff_mean": 0.0018920423462986946,
  "training/rollout_probs_diff_std": 0.006489831954240799,
  "training/rollout_actor_probs_pearson_corr": 0.9997519850730896,
  "reward/overall": -0.8447052556818182,
  "reward/format_score": -0.828125,
  "reward/uncertainty_score": 0.075,
  "reward/repetition_penalty": 0.0078125,
  "reward/sc_score": 0.06249999999999999,
  "reward/avg_tool_calls": 0.00078125,
  "actor/reward_kl_penalty": 0.0,
  "actor/reward_kl_penalty_coeff": 4.818903040000003e-06,
  "rollout_corr/rollout_is_veto_fraction": 0.0,
  "rollout_corr/rollout_is_catastrophic_token_fraction": 0.0,
  "rollout_corr/training_ppl": 2162.488037109375,
  "rollout_corr/training_log_ppl": 5.764885425567627,
  "rollout_corr/kl": 0.0016802714671939611,
  "rollout_corr/k3_kl": 0.0014293816639110446,
  "rollout_corr/rollout_ppl": 2159.041259765625,
  "rollout_corr/rollout_log_ppl": 5.762855052947998,
  "rollout_corr/log_ppl_diff": 0.002030187752097845,
  "rollout_corr/log_ppl_abs_diff": 0.006870546378195286,
  "rollout_corr/log_ppl_diff_max": 0.07521629333496094,
  "rollout_corr/log_ppl_diff_min": -0.0537562370300293,
  "rollout_corr/ppl_ratio": 1.0021336078643799,
  "rollout_corr/chi2_token": 0.0019981861114501953,
  "rollout_corr/chi2_seq": 0.619441032409668,
  "training/global_step": 8,
  "training/epoch": 0,
  "critic/score/mean": -0.8447052836418152,
  "critic/score/max": 1.5090909004211426,
  "critic/score/min": -1.0,
  "critic/rewards/mean": -0.8447052836418152,
  "critic/rewards/max": 1.5090909004211426,
  "critic/rewards/min": -1.0,
  "critic/advantages/mean": -0.05751308426260948,
  "critic/advantages/max": 1.4999988079071045,
  "critic/advantages/min": -0.8660226464271545,
  "critic/returns/mean": -0.05751308426260948,
  "critic/returns/max": 1.4999988079071045,
  "critic/returns/min": -0.8660226464271545,
  "response_length/mean": 328.9609375,
  "response_length/max": 512.0,
  "response_length/min": 2.0,
  "response_length/clip_ratio": 0.5546875,
  "response_length_non_aborted/mean": 328.9609375,
  "response_length_non_aborted/max": 512.0,
  "response_length_non_aborted/min": 2.0,
  "response_length_non_aborted/clip_ratio": 0.5546875,
  "response/aborted_ratio": 0.0,
  "prompt_length/mean": 201.0,
  "prompt_length/max": 201.0,
  "prompt_length/min": 201.0,
  "prompt_length/clip_ratio": 0.0,
  "num_turns/min": 2,
  "num_turns/max": 2,
  "num_turns/mean": 2.0,
  "timing_s/start_profile": 0.0001349770464003086,
  "timing_s/agent_loop/generate_sequences/min": 0.3077996299834922,
  "timing_s/agent_loop/generate_sequences/max": 50.7385785660008,
  "timing_s/agent_loop/generate_sequences/mean": 25.6132952802991,
  "timing_s/agent_loop/tool_calls/min": 0.0,
  "timing_s/agent_loop/tool_calls/max": 0.0,
  "timing_s/agent_loop/tool_calls/mean": 0.0,
  "timing_s/agent_loop/slowest/generate_sequences": 50.7385785660008,
  "timing_s/agent_loop/slowest/tool_calls": 0.0,
  "timing_s/agent_loop/slowest/prompt_length": 201,
  "timing_s/agent_loop/slowest/response_length": 512,
  "timing_s/gen": 59.59989134198986,
  "timing_s/reward": 0.020464019034989178,
  "timing_s/old_log_prob": 14.776114922016859,
  "timing_s/ref": 11.025303483009338,
  "timing_s/adv": 283.4752849349752,
  "timing_s/step": 368.8988285959931,
  "timing_s/save_checkpoint": 33.36202217603568,
  "timing_s/stop_profile": 0.0001029410632327199,
  "timing_per_token_ms/gen": 1.415439032512168,
  "timing_per_token_ms/adv": 4.178894153976195,
  "timing_per_token_ms/ref": 0.16253119308630262,
  "perf/total_num_tokens": 67835,
  "perf/time_per_step": 368.8988285959931,
  "perf/throughput": 91.94255272939732
}