{
  "actor/entropy": 7.039295673370361,
  "perf/mfu/actor_infer": 0,
  "training/rollout_probs_diff_valid": 1,
  "training/rollout_probs_diff_max": 0.08769497275352478,
  "training/rollout_probs_diff_mean": 0.001565219135954976,
  "training/rollout_probs_diff_std": 0.005203139968216419,
  "training/rollout_actor_probs_pearson_corr": 0.9998368620872498,
  "reward/overall": -0.8652864583333334,
  "reward/format_score": -0.859375,
  "reward/uncertainty_score": 0.06875,
  "reward/repetition_penalty": 0.0078125,
  "reward/sc_score": 0.04375,
  "reward/avg_tool_calls": 0.0171875,
  "actor/reward_kl_penalty": 0.0,
  "actor/reward_kl_penalty_coeff": -3.996561798506905e-12,
  "rollout_corr/rollout_is_veto_fraction": 0.0,
  "rollout_corr/rollout_is_catastrophic_token_fraction": 0.0,
  "rollout_corr/training_ppl": 2604.446044921875,
  "rollout_corr/training_log_ppl": 6.478665351867676,
  "rollout_corr/kl": 0.0014033329207450151,
  "rollout_corr/k3_kl": 0.0012215017341077328,
  "rollout_corr/rollout_ppl": 2602.996337890625,
  "rollout_corr/rollout_log_ppl": 6.478280067443848,
  "rollout_corr/log_ppl_diff": 0.00038539653178304434,
  "rollout_corr/log_ppl_abs_diff": 0.005070551298558712,
  "rollout_corr/log_ppl_diff_max": 0.050307273864746094,
  "rollout_corr/log_ppl_diff_min": -0.08249187469482422,
  "rollout_corr/ppl_ratio": 1.0004498958587646,
  "rollout_corr/chi2_token": 0.0020856857299804688,
  "rollout_corr/chi2_seq": 0.9126781225204468,
  "training/global_step": 19,
  "training/epoch": 0,
  "critic/score/mean": -0.8652864098548889,
  "critic/score/max": 1.9988888502120972,
  "critic/score/min": -1.0,
  "critic/rewards/mean": -0.8652864098548889,
  "critic/rewards/max": 1.9988888502120972,
  "critic/rewards/min": -1.0,
  "critic/advantages/mean": -0.008009908720850945,
  "critic/advantages/max": 1.4999990463256836,
  "critic/advantages/min": -0.8594874739646912,
  "critic/returns/mean": -0.008009908720850945,
  "critic/returns/max": 1.4999990463256836,
  "critic/returns/min": -0.8594874739646912,
  "response_length/mean": 373.6953125,
  "response_length/max": 512.0,
  "response_length/min": 2.0,
  "response_length/clip_ratio": 0.65625,
  "response_length_non_aborted/mean": 373.6953125,
  "response_length_non_aborted/max": 512.0,
  "response_length_non_aborted/min": 2.0,
  "response_length_non_aborted/clip_ratio": 0.65625,
  "response/aborted_ratio": 0.0,
  "prompt_length/mean": 317.0,
  "prompt_length/max": 317.0,
  "prompt_length/min": 317.0,
  "prompt_length/clip_ratio": 0.0,
  "num_turns/min": 2,
  "num_turns/max": 2,
  "num_turns/mean": 2.0,
  "timing_s/start_profile": 0.00013795297127217054,
  "timing_s/agent_loop/generate_sequences/min": 0.31652692309580743,
  "timing_s/agent_loop/generate_sequences/max": 55.51602552400436,
  "timing_s/agent_loop/generate_sequences/mean": 29.03069561371285,
  "timing_s/agent_loop/tool_calls/min": 0.0,
  "timing_s/agent_loop/tool_calls/max": 0.0,
  "timing_s/agent_loop/tool_calls/mean": 0.0,
  "timing_s/agent_loop/slowest/generate_sequences": 55.51602552400436,
  "timing_s/agent_loop/slowest/tool_calls": 0.0,
  "timing_s/agent_loop/slowest/prompt_length": 317,
  "timing_s/agent_loop/slowest/response_length": 512,
  "timing_s/gen": 61.53491629299242,
  "timing_s/reward": 0.01896419294644147,
  "timing_s/old_log_prob": 14.863427009084262,
  "timing_s/ref": 12.824525523930788,
  "timing_s/adv": 224.26420871401206,
  "timing_s/step": 313.50816082197707,
  "timing_s/save_checkpoint": 23.04072491498664,
  "timing_s/stop_profile": 0.00016778695862740278,
  "timing_per_token_ms/gen": 1.286453207889792,
  "timing_per_token_ms/adv": 2.536667179970501,
  "timing_per_token_ms/ref": 0.14505904968872838,
  "perf/total_num_tokens": 88409,
  "perf/time_per_step": 313.50816082197707,
  "perf/throughput": 140.99951938763454
}