{
  "actor/entropy": 6.747040271759033,
  "perf/mfu/actor_infer": 0,
  "training/rollout_probs_diff_valid": 1,
  "training/rollout_probs_diff_max": 0.1375741958618164,
  "training/rollout_probs_diff_mean": 0.0017547570168972015,
  "training/rollout_probs_diff_std": 0.005667152814567089,
  "training/rollout_actor_probs_pearson_corr": 0.9998278617858887,
  "reward/overall": -0.8383705357142857,
  "reward/format_score": -0.78125,
  "reward/uncertainty_score": 0.056249999999999994,
  "reward/repetition_penalty": 0.0078125,
  "reward/sc_score": 0.0796875,
  "reward/avg_tool_calls": 0.009375,
  "actor/reward_kl_penalty": 0.0,
  "actor/reward_kl_penalty_coeff": 1.1190373035819335e-12,
  "rollout_corr/rollout_is_veto_fraction": 0.0,
  "rollout_corr/rollout_is_catastrophic_token_fraction": 0.0,
  "rollout_corr/training_ppl": 2715.41650390625,
  "rollout_corr/training_log_ppl": 6.231031894683838,
  "rollout_corr/kl": 0.0015122328186407685,
  "rollout_corr/k3_kl": 0.0012261556694284081,
  "rollout_corr/rollout_ppl": 2718.860595703125,
  "rollout_corr/rollout_log_ppl": 6.230131149291992,
  "rollout_corr/log_ppl_diff": 0.0009007275803014636,
  "rollout_corr/log_ppl_abs_diff": 0.006208288948982954,
  "rollout_corr/log_ppl_diff_max": 0.048288822174072266,
  "rollout_corr/log_ppl_diff_min": -0.10457825660705566,
  "rollout_corr/ppl_ratio": 1.0010097026824951,
  "rollout_corr/chi2_token": 0.0018701553344726562,
  "rollout_corr/chi2_seq": 0.24154651165008545,
  "training/global_step": 20,
  "training/epoch": 0,
  "critic/score/mean": -0.8383705615997314,
  "critic/score/max": 1.5885714292526245,
  "critic/score/min": -1.0,
  "critic/rewards/mean": -0.8383705615997314,
  "critic/rewards/max": 1.5885714292526245,
  "critic/rewards/min": -1.0,
  "critic/advantages/mean": -0.04753976687788963,
  "critic/advantages/max": 1.4999988079071045,
  "critic/advantages/min": -0.8660238981246948,
  "critic/returns/mean": -0.04753976687788963,
  "critic/returns/max": 1.4999988079071045,
  "critic/returns/min": -0.8660238981246948,
  "response_length/mean": 382.8203125,
  "response_length/max": 512.0,
  "response_length/min": 2.0,
  "response_length/clip_ratio": 0.6640625,
  "response_length_non_aborted/mean": 382.8203125,
  "response_length_non_aborted/max": 512.0,
  "response_length_non_aborted/min": 2.0,
  "response_length_non_aborted/clip_ratio": 0.6640625,
  "response/aborted_ratio": 0.0,
  "prompt_length/mean": 565.0,
  "prompt_length/max": 565.0,
  "prompt_length/min": 565.0,
  "prompt_length/clip_ratio": 0.0,
  "num_turns/min": 2,
  "num_turns/max": 2,
  "num_turns/mean": 2.0,
  "timing_s/start_profile": 0.0001559279626235366,
  "timing_s/agent_loop/generate_sequences/min": 0.23222014005295932,
  "timing_s/agent_loop/generate_sequences/max": 37.25500010396354,
  "timing_s/agent_loop/generate_sequences/mean": 23.33508155174877,
  "timing_s/agent_loop/tool_calls/min": 0.0,
  "timing_s/agent_loop/tool_calls/max": 0.0,
  "timing_s/agent_loop/tool_calls/mean": 0.0,
  "timing_s/agent_loop/slowest/generate_sequences": 37.25500010396354,
  "timing_s/agent_loop/slowest/tool_calls": 0.0,
  "timing_s/agent_loop/slowest/prompt_length": 565,
  "timing_s/agent_loop/slowest/response_length": 512,
  "timing_s/gen": 44.518141967011616,
  "timing_s/reward": 0.0194473119918257,
  "timing_s/old_log_prob": 19.312701217946596,
  "timing_s/ref": 11.28437411703635,
  "timing_s/adv": 207.11527482105885,
  "timing_s/step": 282.2519383900799,
  "timing_s/save_checkpoint": 23.72825951105915,
  "timing_s/stop_profile": 0.00017628702335059643,
  "timing_per_token_ms/gen": 0.908514968409045,
  "timing_per_token_ms/adv": 1.7071675540183384,
  "timing_per_token_ms/ref": 0.09301253795333331,
  "perf/total_num_tokens": 121321,
  "perf/time_per_step": 282.2519383900799,
  "perf/throughput": 214.9161502521394
}