{
  "actor/entropy": 6.351592063903809,
  "perf/mfu/actor_infer": 0,
  "training/rollout_probs_diff_valid": 1,
  "training/rollout_probs_diff_max": 0.13378405570983887,
  "training/rollout_probs_diff_mean": 0.0021093604154884815,
  "training/rollout_probs_diff_std": 0.0062957885675132275,
  "training/rollout_actor_probs_pearson_corr": 0.9998077750205994,
  "reward/overall": -0.7609477796052632,
  "reward/format_score": -0.703125,
  "reward/uncertainty_score": 0.09375,
  "reward/repetition_penalty": 0.0078125,
  "reward/sc_score": 0.115625,
  "reward/avg_tool_calls": 0.01953125,
  "actor/reward_kl_penalty": 0.0,
  "actor/reward_kl_penalty_coeff": 0.0007840000000000002,
  "rollout_corr/rollout_is_veto_fraction": 0.0,
  "rollout_corr/rollout_is_catastrophic_token_fraction": 0.0,
  "rollout_corr/training_ppl": 1855.39453125,
  "rollout_corr/training_log_ppl": 5.707605838775635,
  "rollout_corr/kl": 0.0015067763160914183,
  "rollout_corr/k3_kl": 0.0012677758932113647,
  "rollout_corr/rollout_ppl": 1849.880126953125,
  "rollout_corr/rollout_log_ppl": 5.702543258666992,
  "rollout_corr/log_ppl_diff": 0.00506270257756114,
  "rollout_corr/log_ppl_abs_diff": 0.007375169079750776,
  "rollout_corr/log_ppl_diff_max": 0.13297176361083984,
  "rollout_corr/log_ppl_diff_min": -0.05074739456176758,
  "rollout_corr/ppl_ratio": 1.0052913427352905,
  "rollout_corr/chi2_token": 0.0020600557327270508,
  "rollout_corr/chi2_seq": 0.08100450038909912,
  "training/global_step": 4,
  "training/epoch": 0,
  "critic/score/mean": -0.7609477639198303,
  "critic/score/max": 1.9473683834075928,
  "critic/score/min": -1.0,
  "critic/rewards/mean": -0.7609477639198303,
  "critic/rewards/max": 1.9473683834075928,
  "critic/rewards/min": -1.0,
  "critic/advantages/mean": -0.04200022295117378,
  "critic/advantages/max": 1.4999988079071045,
  "critic/advantages/min": -1.1788594722747803,
  "critic/returns/mean": -0.04200022295117378,
  "critic/returns/max": 1.4999988079071045,
  "critic/returns/min": -1.1788594722747803,
  "response_length/mean": 356.71875,
  "response_length/max": 512.0,
  "response_length/min": 2.0,
  "response_length/clip_ratio": 0.6015625,
  "response_length_non_aborted/mean": 356.71875,
  "response_length_non_aborted/max": 512.0,
  "response_length_non_aborted/min": 2.0,
  "response_length_non_aborted/clip_ratio": 0.6015625,
  "response/aborted_ratio": 0.0,
  "prompt_length/mean": 201.0,
  "prompt_length/max": 201.0,
  "prompt_length/min": 201.0,
  "prompt_length/clip_ratio": 0.0,
  "num_turns/min": 2,
  "num_turns/max": 2,
  "num_turns/mean": 2.0,
  "timing_s/start_profile": 0.00012888491619378328,
  "timing_s/agent_loop/generate_sequences/min": 0.2855412749340758,
  "timing_s/agent_loop/generate_sequences/max": 53.297199708991684,
  "timing_s/agent_loop/generate_sequences/mean": 26.983278709665683,
  "timing_s/agent_loop/tool_calls/min": 0.0,
  "timing_s/agent_loop/tool_calls/max": 0.0,
  "timing_s/agent_loop/tool_calls/mean": 0.0,
  "timing_s/agent_loop/slowest/generate_sequences": 53.297199708991684,
  "timing_s/agent_loop/slowest/tool_calls": 0.0,
  "timing_s/agent_loop/slowest/prompt_length": 201,
  "timing_s/agent_loop/slowest/response_length": 512,
  "timing_s/gen": 63.69196548801847,
  "timing_s/reward": 0.030442166957072914,
  "timing_s/old_log_prob": 15.369282405008562,
  "timing_s/ref": 11.307632792042568,
  "timing_s/adv": 204.02482545294333,
  "timing_s/step": 294.42625142494217,
  "timing_s/save_checkpoint": 24.15283304802142,
  "timing_s/stop_profile": 0.00021315400954335928,
  "timing_per_token_ms/gen": 1.394918210425284,
  "timing_per_token_ms/adv": 2.857970883803207,
  "timing_per_token_ms/ref": 0.15839682848717668,
  "perf/total_num_tokens": 71388,
  "perf/time_per_step": 294.42625142494217,
  "perf/throughput": 121.23239632081327
}