{
  "actor/entropy": 1.0614339113235474,
  "perf/mfu/actor_infer": 0,
  "training/rollout_probs_diff_valid": 1,
  "training/rollout_probs_diff_max": 0.14996233582496643,
  "training/rollout_probs_diff_mean": 0.007066300138831139,
  "training/rollout_probs_diff_std": 0.012399542145431042,
  "training/rollout_actor_probs_pearson_corr": 0.9992522597312927,
  "reward/overall": -0.0475341796875,
  "reward/format_score": 0.296875,
  "reward/uncertainty_score": 0.4453125,
  "reward/repetition_penalty": 0.0078125,
  "reward/sc_score": 0.67734375,
  "reward/avg_tool_calls": 0.0,
  "actor/reward_kl_penalty": 0.0009789372561499476,
  "actor/reward_kl_penalty_coeff": 0.009948865535999999,
  "rollout_corr/rollout_is_veto_fraction": 0.0,
  "rollout_corr/rollout_is_catastrophic_token_fraction": 0.0,
  "rollout_corr/training_ppl": 3.04347825050354,
  "rollout_corr/training_log_ppl": 1.0468217134475708,
  "rollout_corr/kl": 0.0016174183692783117,
  "rollout_corr/k3_kl": 0.0012296304339542985,
  "rollout_corr/rollout_ppl": 3.03726863861084,
  "rollout_corr/rollout_log_ppl": 1.0449870824813843,
  "rollout_corr/log_ppl_diff": 0.0018346281722187996,
  "rollout_corr/log_ppl_abs_diff": 0.004467017017304897,
  "rollout_corr/log_ppl_diff_max": 0.017700552940368652,
  "rollout_corr/log_ppl_diff_min": -0.009121179580688477,
  "rollout_corr/ppl_ratio": 1.0018513202667236,
  "rollout_corr/chi2_token": 0.0016483068466186523,
  "rollout_corr/chi2_seq": 0.15665769577026367,
  "training/global_step": 3,
  "training/epoch": 0,
  "critic/score/mean": -0.04753417894244194,
  "critic/score/max": 0.9921875,
  "critic/score/min": -1.0,
  "critic/rewards/mean": -0.048530206084251404,
  "critic/rewards/max": 0.9914363026618958,
  "critic/rewards/min": -1.0023165941238403,
  "critic/advantages/mean": 0.1132703348994255,
  "critic/advantages/max": 1.4999982118606567,
  "critic/advantages/min": -1.4999967813491821,
  "critic/returns/mean": 0.1132703348994255,
  "critic/returns/max": 1.4999982118606567,
  "critic/returns/min": -1.4999967813491821,
  "response_length/mean": 103.078125,
  "response_length/max": 243.0,
  "response_length/min": 35.0,
  "response_length/clip_ratio": 0.0,
  "response_length_non_aborted/mean": 103.078125,
  "response_length_non_aborted/max": 243.0,
  "response_length_non_aborted/min": 35.0,
  "response_length_non_aborted/clip_ratio": 0.0,
  "response/aborted_ratio": 0.0,
  "prompt_length/mean": 193.0,
  "prompt_length/max": 193.0,
  "prompt_length/min": 193.0,
  "prompt_length/clip_ratio": 0.0,
  "num_turns/min": 2,
  "num_turns/max": 2,
  "num_turns/mean": 2.0,
  "timing_s/start_profile": 0.00014792208094149828,
  "timing_s/agent_loop/generate_sequences/min": 0.6882522680098191,
  "timing_s/agent_loop/generate_sequences/max": 3.0785460209008306,
  "timing_s/agent_loop/generate_sequences/mean": 1.8066360958027872,
  "timing_s/agent_loop/tool_calls/min": 0.0,
  "timing_s/agent_loop/tool_calls/max": 0.0,
  "timing_s/agent_loop/tool_calls/mean": 0.0,
  "timing_s/agent_loop/slowest/generate_sequences": 3.0785460209008306,
  "timing_s/agent_loop/slowest/tool_calls": 0.0,
  "timing_s/agent_loop/slowest/prompt_length": 193,
  "timing_s/agent_loop/slowest/response_length": 243,
  "timing_s/gen": 6.369759849039838,
  "timing_s/reward": 0.030055111972615123,
  "timing_s/old_log_prob": 5.783349584904499,
  "timing_s/ref": 1.9020500519545749,
  "timing_s/adv": 628.3405744440388,
  "timing_s/step": 642.4280413249508,
  "timing_s/save_checkpoint": 5.4039126969873905,
  "timing_s/stop_profile": 0.0002983659505844116,
  "timing_per_token_ms/gen": 0.48277700841593435,
  "timing_per_token_ms/ref": 0.05018866568036769,
  "timing_per_token_ms/adv": 16.579781899942972,
  "perf/total_num_tokens": 37898,
  "perf/time_per_step": 642.4280413249508,
  "perf/throughput": 58.99182097007899
}