{
  "actor/entropy": 0.95810866355896,
  "perf/mfu/actor_infer": 0,
  "training/rollout_probs_diff_valid": 1,
  "training/rollout_probs_diff_max": 0.18410754203796387,
  "training/rollout_probs_diff_mean": 0.006968341302126646,
  "training/rollout_probs_diff_std": 0.01244444865733385,
  "training/rollout_actor_probs_pearson_corr": 0.9992323517799377,
  "reward/overall": 0.0022827148437500125,
  "reward/format_score": 0.34375,
  "reward/uncertainty_score": 0.44375,
  "reward/repetition_penalty": 0.0079345703125,
  "reward/sc_score": 0.6875000000000001,
  "reward/avg_tool_calls": 0.0,
  "actor/reward_kl_penalty": 0.0009385881130583584,
  "actor/reward_kl_penalty_coeff": 0.0099744,
  "rollout_corr/rollout_is_veto_fraction": 0.0,
  "rollout_corr/rollout_is_catastrophic_token_fraction": 0.0,
  "rollout_corr/training_ppl": 2.8643007278442383,
  "rollout_corr/training_log_ppl": 0.9636349081993103,
  "rollout_corr/kl": 0.0015402502613142133,
  "rollout_corr/k3_kl": 0.0010918196057900786,
  "rollout_corr/rollout_ppl": 2.8583617210388184,
  "rollout_corr/rollout_log_ppl": 0.9617534279823303,
  "rollout_corr/log_ppl_diff": 0.0018813989590853453,
  "rollout_corr/log_ppl_abs_diff": 0.004187913611531258,
  "rollout_corr/log_ppl_diff_max": 0.02026885747909546,
  "rollout_corr/log_ppl_diff_min": -0.011168479919433594,
  "rollout_corr/ppl_ratio": 1.0018970966339111,
  "rollout_corr/chi2_token": 0.0012401342391967773,
  "rollout_corr/chi2_seq": 0.09855711460113525,
  "training/global_step": 2,
  "training/epoch": 0,
  "critic/score/mean": 0.0022827163338661194,
  "critic/score/max": 0.9921875,
  "critic/score/min": -1.0,
  "critic/rewards/mean": 0.0013672076165676117,
  "critic/rewards/max": 0.9916391968727112,
  "critic/rewards/min": -1.002612590789795,
  "critic/advantages/mean": 0.06273972243070602,
  "critic/advantages/max": 1.4999983310699463,
  "critic/advantages/min": -1.4756909608840942,
  "critic/returns/mean": 0.06273972243070602,
  "critic/returns/max": 1.4999983310699463,
  "critic/returns/min": -1.4756909608840942,
  "response_length/mean": 100.7421875,
  "response_length/max": 421.0,
  "response_length/min": 36.0,
  "response_length/clip_ratio": 0.0,
  "response_length_non_aborted/mean": 100.7421875,
  "response_length_non_aborted/max": 421.0,
  "response_length_non_aborted/min": 36.0,
  "response_length_non_aborted/clip_ratio": 0.0,
  "response/aborted_ratio": 0.0,
  "prompt_length/mean": 193.0,
  "prompt_length/max": 193.0,
  "prompt_length/min": 193.0,
  "prompt_length/clip_ratio": 0.0,
  "num_turns/min": 2,
  "num_turns/max": 2,
  "num_turns/mean": 2.0,
  "timing_s/start_profile": 0.000136455986648798,
  "timing_s/agent_loop/generate_sequences/min": 0.7959354108897969,
  "timing_s/agent_loop/generate_sequences/max": 3.855178967001848,
  "timing_s/agent_loop/generate_sequences/mean": 1.8138733413279624,
  "timing_s/agent_loop/tool_calls/min": 0.0,
  "timing_s/agent_loop/tool_calls/max": 0.0,
  "timing_s/agent_loop/tool_calls/mean": 0.0,
  "timing_s/agent_loop/slowest/generate_sequences": 3.855178967001848,
  "timing_s/agent_loop/slowest/tool_calls": 0.0,
  "timing_s/agent_loop/slowest/prompt_length": 193,
  "timing_s/agent_loop/slowest/response_length": 421,
  "timing_s/gen": 7.088124157045968,
  "timing_s/reward": 0.03374152001924813,
  "timing_s/old_log_prob": 5.945860763080418,
  "timing_s/ref": 2.0499920250149444,
  "timing_s/adv": 680.2232148949988,
  "timing_s/step": 695.3431383729912,
  "timing_s/save_checkpoint": 5.228438984951936,
  "timing_s/stop_profile": 0.00018935196567326784,
  "timing_per_token_ms/gen": 0.5496800431986016,
  "timing_per_token_ms/ref": 0.054522514561954956,
  "timing_per_token_ms/adv": 18.09152410689111,
  "perf/total_num_tokens": 37599,
  "perf/time_per_step": 695.3431383729912,
  "perf/throughput": 54.07258362824514
}