{
  "actor/entropy": 0.9875538349151611,
  "perf/mfu/actor_infer": 0,
  "training/rollout_probs_diff_valid": 1,
  "training/rollout_probs_diff_max": 0.15446260571479797,
  "training/rollout_probs_diff_mean": 0.007222683634608984,
  "training/rollout_probs_diff_std": 0.01292986050248146,
  "training/rollout_actor_probs_pearson_corr": 0.9991748929023743,
  "reward/overall": -0.009790039062500006,
  "reward/format_score": 0.4375,
  "reward/uncertainty_score": 0.38125,
  "reward/repetition_penalty": 0.0079345703125,
  "reward/sc_score": 0.71875,
  "reward/avg_tool_calls": 0.0,
  "actor/reward_kl_penalty": 0.00097326107788831,
  "actor/reward_kl_penalty_coeff": 0.009897992545340855,
  "rollout_corr/rollout_is_veto_fraction": 0.0,
  "rollout_corr/rollout_is_catastrophic_token_fraction": 0.0,
  "rollout_corr/training_ppl": 2.827761173248291,
  "rollout_corr/training_log_ppl": 0.9696770906448364,
  "rollout_corr/kl": 0.0007371261599473655,
  "rollout_corr/k3_kl": 0.0011474003549665213,
  "rollout_corr/rollout_ppl": 2.8243911266326904,
  "rollout_corr/rollout_log_ppl": 0.9688162803649902,
  "rollout_corr/log_ppl_diff": 0.0008608095813542604,
  "rollout_corr/log_ppl_abs_diff": 0.004672103561460972,
  "rollout_corr/log_ppl_diff_max": 0.02707087993621826,
  "rollout_corr/log_ppl_diff_min": -0.011660248041152954,
  "rollout_corr/ppl_ratio": 1.0008800029754639,
  "rollout_corr/chi2_token": 0.003079652786254883,
  "rollout_corr/chi2_seq": 0.25366735458374023,
  "training/global_step": 5,
  "training/epoch": 0,
  "critic/score/mean": -0.00979004055261612,
  "critic/score/max": 0.9921875,
  "critic/score/min": -1.0,
  "critic/rewards/mean": -0.010669779032468796,
  "critic/rewards/max": 0.9916546940803528,
  "critic/rewards/min": -1.0035070180892944,
  "critic/advantages/mean": 0.14156056940555573,
  "critic/advantages/max": 1.4999967813491821,
  "critic/advantages/min": -1.4999964237213135,
  "critic/returns/mean": 0.14156056940555573,
  "critic/returns/max": 1.4999967813491821,
  "critic/returns/min": -1.4999964237213135,
  "response_length/mean": 93.734375,
  "response_length/max": 322.0,
  "response_length/min": 28.0,
  "response_length/clip_ratio": 0.0,
  "response_length_non_aborted/mean": 93.734375,
  "response_length_non_aborted/max": 322.0,
  "response_length_non_aborted/min": 28.0,
  "response_length_non_aborted/clip_ratio": 0.0,
  "response/aborted_ratio": 0.0,
  "prompt_length/mean": 193.0,
  "prompt_length/max": 193.0,
  "prompt_length/min": 193.0,
  "prompt_length/clip_ratio": 0.0,
  "num_turns/min": 2,
  "num_turns/max": 2,
  "num_turns/mean": 2.0,
  "timing_s/start_profile": 0.00015538197476416826,
  "timing_s/agent_loop/generate_sequences/min": 0.5347963119857013,
  "timing_s/agent_loop/generate_sequences/max": 2.8266407439950854,
  "timing_s/agent_loop/generate_sequences/mean": 1.3611166705968571,
  "timing_s/agent_loop/tool_calls/min": 0.0,
  "timing_s/agent_loop/tool_calls/max": 0.0,
  "timing_s/agent_loop/tool_calls/mean": 0.0,
  "timing_s/agent_loop/slowest/generate_sequences": 2.8266407439950854,
  "timing_s/agent_loop/slowest/tool_calls": 0.0,
  "timing_s/agent_loop/slowest/prompt_length": 193,
  "timing_s/agent_loop/slowest/response_length": 322,
  "timing_s/gen": 5.714948059991002,
  "timing_s/reward": 0.03203578607644886,
  "timing_s/old_log_prob": 5.7496483529685065,
  "timing_s/ref": 1.969406844000332,
  "timing_s/adv": 619.4910538329277,
  "timing_s/step": 632.9588776420569,
  "timing_s/save_checkpoint": 5.432084669941105,
  "timing_s/stop_profile": 0.00019539904315024614,
  "timing_per_token_ms/gen": 0.4763250591757795,
  "timing_per_token_ms/ref": 0.05365938760831377,
  "timing_per_token_ms/adv": 16.87894539351882,
  "perf/total_num_tokens": 36702,
  "perf/time_per_step": 632.9588776420569,
  "perf/throughput": 57.98480959256766
}