{
  "actor/entropy": 1.079033613204956,
  "perf/mfu/actor_infer": 0,
  "training/rollout_probs_diff_valid": 1,
  "training/rollout_probs_diff_max": 0.16186247766017914,
  "training/rollout_probs_diff_mean": 0.0074454364366829395,
  "training/rollout_probs_diff_std": 0.013065578415989876,
  "training/rollout_actor_probs_pearson_corr": 0.9991641640663147,
  "reward/overall": -0.12036132812500001,
  "reward/format_score": 0.203125,
  "reward/uncertainty_score": 0.43125,
  "reward/repetition_penalty": 0.0078125,
  "reward/sc_score": 0.721875,
  "reward/avg_tool_calls": 0.0,
  "actor/reward_kl_penalty": 0.0010032339487224817,
  "actor/reward_kl_penalty_coeff": 0.009872653684424783,
  "rollout_corr/rollout_is_veto_fraction": 0.0,
  "rollout_corr/rollout_is_catastrophic_token_fraction": 0.0,
  "rollout_corr/training_ppl": 3.1109707355499268,
  "rollout_corr/training_log_ppl": 1.0398041009902954,
  "rollout_corr/kl": 0.0019563271198421717,
  "rollout_corr/k3_kl": 0.0012946849456056952,
  "rollout_corr/rollout_ppl": 3.1037557125091553,
  "rollout_corr/rollout_log_ppl": 1.0376663208007812,
  "rollout_corr/log_ppl_diff": 0.0021378397941589355,
  "rollout_corr/log_ppl_abs_diff": 0.004055732395499945,
  "rollout_corr/log_ppl_diff_max": 0.02822732925415039,
  "rollout_corr/log_ppl_diff_min": -0.009227514266967773,
  "rollout_corr/ppl_ratio": 1.0021555423736572,
  "rollout_corr/chi2_token": 0.001195073127746582,
  "rollout_corr/chi2_seq": 0.003866910934448242,
  "training/global_step": 6,
  "training/epoch": 0,
  "critic/score/mean": -0.1203613355755806,
  "critic/score/max": 0.9921875,
  "critic/score/min": -1.0,
  "critic/rewards/mean": -0.12135036289691925,
  "critic/rewards/max": 0.9918185472488403,
  "critic/rewards/min": -1.002708911895752,
  "critic/advantages/mean": 0.16622768342494965,
  "critic/advantages/max": 1.4999984502792358,
  "critic/advantages/min": -1.4519693851470947,
  "critic/returns/mean": 0.16622768342494965,
  "critic/returns/max": 1.4999984502792358,
  "critic/returns/min": -1.4519693851470947,
  "response_length/mean": 100.015625,
  "response_length/max": 349.0,
  "response_length/min": 29.0,
  "response_length/clip_ratio": 0.0,
  "response_length_non_aborted/mean": 100.015625,
  "response_length_non_aborted/max": 349.0,
  "response_length_non_aborted/min": 29.0,
  "response_length_non_aborted/clip_ratio": 0.0,
  "response/aborted_ratio": 0.0,
  "prompt_length/mean": 193.0,
  "prompt_length/max": 193.0,
  "prompt_length/min": 193.0,
  "prompt_length/clip_ratio": 0.0,
  "num_turns/min": 2,
  "num_turns/max": 2,
  "num_turns/mean": 2.0,
  "timing_s/start_profile": 0.0001246549654752016,
  "timing_s/agent_loop/generate_sequences/min": 0.5638388700317591,
  "timing_s/agent_loop/generate_sequences/max": 3.4980740250321105,
  "timing_s/agent_loop/generate_sequences/mean": 1.819736480982101,
  "timing_s/agent_loop/tool_calls/min": 0.0,
  "timing_s/agent_loop/tool_calls/max": 0.0,
  "timing_s/agent_loop/tool_calls/mean": 0.0,
  "timing_s/agent_loop/slowest/generate_sequences": 3.4980740250321105,
  "timing_s/agent_loop/slowest/tool_calls": 0.0,
  "timing_s/agent_loop/slowest/prompt_length": 193,
  "timing_s/agent_loop/slowest/response_length": 349,
  "timing_s/gen": 7.194972753990442,
  "timing_s/reward": 0.030858470010571182,
  "timing_s/old_log_prob": 5.6910272899549454,
  "timing_s/ref": 1.9807635109173134,
  "timing_s/adv": 549.2459491119953,
  "timing_s/step": 564.1456002490595,
  "timing_s/save_checkpoint": 5.432091694092378,
  "timing_s/stop_profile": 0.00024153199046850204,
  "timing_per_token_ms/gen": 0.5620194308694298,
  "timing_per_token_ms/ref": 0.05281191038546668,
  "timing_per_token_ms/adv": 14.644215568495582,
  "perf/total_num_tokens": 37506,
  "perf/time_per_step": 564.1456002490595,
  "perf/throughput": 66.48283702548034
}