{
  "actor/entropy": 0.9968193769454956,
  "perf/mfu/actor_infer": 0,
  "training/rollout_probs_diff_valid": 1,
  "training/rollout_probs_diff_max": 0.17420053482055664,
  "training/rollout_probs_diff_mean": 0.006841941736638546,
  "training/rollout_probs_diff_std": 0.01243550330400467,
  "training/rollout_actor_probs_pearson_corr": 0.9992645978927612,
  "reward/overall": -0.08616943359375004,
  "reward/format_score": 0.28125,
  "reward/uncertainty_score": 0.409375,
  "reward/repetition_penalty": 0.0078125,
  "reward/sc_score": 0.7,
  "reward/avg_tool_calls": 0.0,
  "actor/reward_kl_penalty": 0.000984177808277309,
  "actor/reward_kl_penalty_coeff": 0.009721976938820842,
  "rollout_corr/rollout_is_veto_fraction": 0.0,
  "rollout_corr/rollout_is_catastrophic_token_fraction": 0.0,
  "rollout_corr/training_ppl": 3.2624220848083496,
  "rollout_corr/training_log_ppl": 1.0500587224960327,
  "rollout_corr/kl": 0.0007520837825722992,
  "rollout_corr/k3_kl": 0.0011395876063033938,
  "rollout_corr/rollout_ppl": 3.256870985031128,
  "rollout_corr/rollout_log_ppl": 1.0492653846740723,
  "rollout_corr/log_ppl_diff": 0.0007934034802019596,
  "rollout_corr/log_ppl_abs_diff": 0.005061711184680462,
  "rollout_corr/log_ppl_diff_max": 0.02424764633178711,
  "rollout_corr/log_ppl_diff_min": -0.012805461883544922,
  "rollout_corr/ppl_ratio": 1.0008139610290527,
  "rollout_corr/chi2_token": 0.0030171871185302734,
  "rollout_corr/chi2_seq": 0.46428608894348145,
  "training/global_step": 12,
  "training/epoch": 0,
  "critic/score/mean": -0.08616943657398224,
  "critic/score/max": 0.9921875,
  "critic/score/min": -1.0,
  "critic/rewards/mean": -0.08708813041448593,
  "critic/rewards/max": 0.9916846752166748,
  "critic/rewards/min": -1.0036523342132568,
  "critic/advantages/mean": 0.12103831022977829,
  "critic/advantages/max": 1.4999983310699463,
  "critic/advantages/min": -1.499996542930603,
  "critic/returns/mean": 0.12103831022977829,
  "critic/returns/max": 1.4999983310699463,
  "critic/returns/min": -1.499996542930603,
  "response_length/mean": 99.53125,
  "response_length/max": 512.0,
  "response_length/min": 41.0,
  "response_length/clip_ratio": 0.0078125,
  "response_length_non_aborted/mean": 99.53125,
  "response_length_non_aborted/max": 512.0,
  "response_length_non_aborted/min": 41.0,
  "response_length_non_aborted/clip_ratio": 0.0078125,
  "response/aborted_ratio": 0.0,
  "prompt_length/mean": 193.0,
  "prompt_length/max": 193.0,
  "prompt_length/min": 193.0,
  "prompt_length/clip_ratio": 0.0,
  "num_turns/min": 2,
  "num_turns/max": 2,
  "num_turns/mean": 2.0,
  "timing_s/start_profile": 0.00014355394523590803,
  "timing_s/agent_loop/generate_sequences/min": 0.7312680000904948,
  "timing_s/agent_loop/generate_sequences/max": 5.680655815056525,
  "timing_s/agent_loop/generate_sequences/mean": 1.6827056850816007,
  "timing_s/agent_loop/tool_calls/min": 0.0,
  "timing_s/agent_loop/tool_calls/max": 0.0,
  "timing_s/agent_loop/tool_calls/mean": 0.0,
  "timing_s/agent_loop/slowest/generate_sequences": 5.680655815056525,
  "timing_s/agent_loop/slowest/tool_calls": 0.0,
  "timing_s/agent_loop/slowest/prompt_length": 193,
  "timing_s/agent_loop/slowest/response_length": 512,
  "timing_s/gen": 8.82633964298293,
  "timing_s/reward": 0.019250237033702433,
  "timing_s/old_log_prob": 5.644977484014817,
  "timing_s/ref": 1.8225165619514883,
  "timing_s/adv": 459.79670670593623,
  "timing_s/step": 476.1121494550025,
  "timing_s/save_checkpoint": 5.101544811041094,
  "timing_s/stop_profile": 0.0001632350031286478,
  "timing_per_token_ms/gen": 0.6928053094963054,
  "timing_per_token_ms/ref": 0.04867312685480953,
  "timing_per_token_ms/adv": 12.279583022805689,
  "perf/total_num_tokens": 37444,
  "perf/time_per_step": 476.1121494550025,
  "perf/throughput": 78.64533606811234
}