{
  "actor/entropy": 1.0180315971374512,
  "perf/mfu/actor_infer": 0,
  "training/rollout_probs_diff_valid": 1,
  "training/rollout_probs_diff_max": 0.1508045792579651,
  "training/rollout_probs_diff_mean": 0.007020554970949888,
  "training/rollout_probs_diff_std": 0.012488688342273235,
  "training/rollout_actor_probs_pearson_corr": 0.9992448091506958,
  "reward/overall": -0.07216796875,
  "reward/format_score": 0.296875,
  "reward/uncertainty_score": 0.409375,
  "reward/repetition_penalty": 0.0078125,
  "reward/sc_score": 0.6671875,
  "reward/avg_tool_calls": 0.0,
  "actor/reward_kl_penalty": 0.0009872815571725368,
  "actor/reward_kl_penalty_coeff": 0.009847379690992655,
  "rollout_corr/rollout_is_veto_fraction": 0.0,
  "rollout_corr/rollout_is_catastrophic_token_fraction": 0.0,
  "rollout_corr/training_ppl": 2.986844301223755,
  "rollout_corr/training_log_ppl": 1.0238734483718872,
  "rollout_corr/kl": 0.0014728611567988992,
  "rollout_corr/k3_kl": 0.001198741141706705,
  "rollout_corr/rollout_ppl": 2.9833130836486816,
  "rollout_corr/rollout_log_ppl": 1.0226986408233643,
  "rollout_corr/log_ppl_diff": 0.0011747688986361027,
  "rollout_corr/log_ppl_abs_diff": 0.004635969176888466,
  "rollout_corr/log_ppl_diff_max": 0.01716935634613037,
  "rollout_corr/log_ppl_diff_min": -0.01453101634979248,
  "rollout_corr/ppl_ratio": 1.0011924505233765,
  "rollout_corr/chi2_token": 0.001797795295715332,
  "rollout_corr/chi2_seq": 0.21367502212524414,
  "training/global_step": 7,
  "training/epoch": 0,
  "critic/score/mean": -0.07216796278953552,
  "critic/score/max": 0.9921875,
  "critic/score/min": -1.0,
  "critic/rewards/mean": -0.07308776676654816,
  "critic/rewards/max": 0.9918519854545593,
  "critic/rewards/min": -1.0030148029327393,
  "critic/advantages/mean": 0.09449755400419235,
  "critic/advantages/max": 1.4999984502792358,
  "critic/advantages/min": -1.4757558107376099,
  "critic/returns/mean": 0.09449755400419235,
  "critic/returns/max": 1.4999984502792358,
  "critic/returns/min": -1.4757558107376099,
  "response_length/mean": 99.96875,
  "response_length/max": 245.0,
  "response_length/min": 34.0,
  "response_length/clip_ratio": 0.0,
  "response_length_non_aborted/mean": 99.96875,
  "response_length_non_aborted/max": 245.0,
  "response_length_non_aborted/min": 34.0,
  "response_length_non_aborted/clip_ratio": 0.0,
  "response/aborted_ratio": 0.0,
  "prompt_length/mean": 193.0,
  "prompt_length/max": 193.0,
  "prompt_length/min": 193.0,
  "prompt_length/clip_ratio": 0.0,
  "num_turns/min": 2,
  "num_turns/max": 2,
  "num_turns/mean": 2.0,
  "timing_s/start_profile": 0.000123634934425354,
  "timing_s/agent_loop/generate_sequences/min": 0.8998133180430159,
  "timing_s/agent_loop/generate_sequences/max": 2.9304404760478064,
  "timing_s/agent_loop/generate_sequences/mean": 1.796014263485631,
  "timing_s/agent_loop/tool_calls/min": 0.0,
  "timing_s/agent_loop/tool_calls/max": 0.0,
  "timing_s/agent_loop/tool_calls/mean": 0.0,
  "timing_s/agent_loop/slowest/generate_sequences": 2.9304404760478064,
  "timing_s/agent_loop/slowest/tool_calls": 0.0,
  "timing_s/agent_loop/slowest/prompt_length": 193,
  "timing_s/agent_loop/slowest/response_length": 245,
  "timing_s/gen": 6.5048720120685175,
  "timing_s/reward": 0.016454742988571525,
  "timing_s/old_log_prob": 5.674289840972051,
  "timing_s/ref": 1.8617460060631856,
  "timing_s/adv": 724.2703366930364,
  "timing_s/step": 738.3296491849469,
  "timing_s/save_checkpoint": 5.377791242906824,
  "timing_s/stop_profile": 0.00021586695220321417,
  "timing_per_token_ms/gen": 0.5083519859384587,
  "timing_per_token_ms/ref": 0.04964656016168495,
  "timing_per_token_ms/adv": 19.313875645147636,
  "perf/total_num_tokens": 37500,
  "perf/time_per_step": 738.3296491849469,
  "perf/throughput": 50.79032115450979
}