{
  "actor/entropy": 0.9702276587486267,
  "perf/mfu/actor_infer": 0,
  "training/rollout_probs_diff_valid": 1,
  "training/rollout_probs_diff_max": 0.16146880388259888,
  "training/rollout_probs_diff_mean": 0.007085553836077452,
  "training/rollout_probs_diff_std": 0.012516453862190247,
  "training/rollout_actor_probs_pearson_corr": 0.9992210268974304,
  "reward/overall": -0.020849609375000015,
  "reward/format_score": 0.359375,
  "reward/uncertainty_score": 0.459375,
  "reward/repetition_penalty": 0.0078125,
  "reward/sc_score": 0.6609375,
  "reward/avg_tool_calls": 0.0,
  "actor/reward_kl_penalty": 0.000970127119217068,
  "actor/reward_kl_penalty_coeff": 0.009822170398983714,
  "rollout_corr/rollout_is_veto_fraction": 0.0,
  "rollout_corr/rollout_is_catastrophic_token_fraction": 0.0,
  "rollout_corr/training_ppl": 2.873168706893921,
  "rollout_corr/training_log_ppl": 0.9848426580429077,
  "rollout_corr/kl": 0.0016007133526727557,
  "rollout_corr/k3_kl": 0.0011695825960487127,
  "rollout_corr/rollout_ppl": 2.8677566051483154,
  "rollout_corr/rollout_log_ppl": 0.9833537936210632,
  "rollout_corr/log_ppl_diff": 0.0014889154117554426,
  "rollout_corr/log_ppl_abs_diff": 0.004066646099090576,
  "rollout_corr/log_ppl_diff_max": 0.01985841989517212,
  "rollout_corr/log_ppl_diff_min": -0.009476125240325928,
  "rollout_corr/ppl_ratio": 1.001502275466919,
  "rollout_corr/chi2_token": 0.0014081001281738281,
  "rollout_corr/chi2_seq": 0.031644582748413086,
  "training/global_step": 8,
  "training/epoch": 0,
  "critic/score/mean": -0.02084960788488388,
  "critic/score/max": 0.9921875,
  "critic/score/min": -1.0,
  "critic/rewards/mean": -0.021778259426355362,
  "critic/rewards/max": 0.991363525390625,
  "critic/rewards/min": -1.0019629001617432,
  "critic/advantages/mean": 0.08819185942411423,
  "critic/advantages/max": 1.4999979734420776,
  "critic/advantages/min": -1.4999967813491821,
  "critic/returns/mean": 0.08819185942411423,
  "critic/returns/max": 1.4999979734420776,
  "critic/returns/min": -1.4999967813491821,
  "response_length/mean": 98.4453125,
  "response_length/max": 229.0,
  "response_length/min": 40.0,
  "response_length/clip_ratio": 0.0,
  "response_length_non_aborted/mean": 98.4453125,
  "response_length_non_aborted/max": 229.0,
  "response_length_non_aborted/min": 40.0,
  "response_length_non_aborted/clip_ratio": 0.0,
  "response/aborted_ratio": 0.0,
  "prompt_length/mean": 193.0,
  "prompt_length/max": 193.0,
  "prompt_length/min": 193.0,
  "prompt_length/clip_ratio": 0.0,
  "num_turns/min": 2,
  "num_turns/max": 2,
  "num_turns/mean": 2.0,
  "timing_s/start_profile": 0.00014842103701084852,
  "timing_s/agent_loop/generate_sequences/min": 0.941378407063894,
  "timing_s/agent_loop/generate_sequences/max": 2.8522823380772024,
  "timing_s/agent_loop/generate_sequences/mean": 1.8341379850444355,
  "timing_s/agent_loop/tool_calls/min": 0.0,
  "timing_s/agent_loop/tool_calls/max": 0.0,
  "timing_s/agent_loop/tool_calls/mean": 0.0,
  "timing_s/agent_loop/slowest/generate_sequences": 2.8522823380772024,
  "timing_s/agent_loop/slowest/tool_calls": 0.0,
  "timing_s/agent_loop/slowest/prompt_length": 193,
  "timing_s/agent_loop/slowest/response_length": 229,
  "timing_s/gen": 6.833703251089901,
  "timing_s/reward": 0.016465645981952548,
  "timing_s/old_log_prob": 5.680293333949521,
  "timing_s/ref": 1.8883458870695904,
  "timing_s/adv": 773.9029324180447,
  "timing_s/step": 788.3236442999914,
  "timing_s/save_checkpoint": 4.818637599004433,
  "timing_s/stop_profile": 0.00022029399406164885,
  "timing_per_token_ms/gen": 0.542314360057924,
  "timing_per_token_ms/ref": 0.05061910969225547,
  "timing_per_token_ms/adv": 20.745287023670947,
  "perf/total_num_tokens": 37305,
  "perf/time_per_step": 788.3236442999914,
  "perf/throughput": 47.321934677128404
}