{
  "actor/entropy": 1.0191453695297241,
  "perf/mfu/actor_infer": 0,
  "training/rollout_probs_diff_valid": 1,
  "training/rollout_probs_diff_max": 0.16850435733795166,
  "training/rollout_probs_diff_mean": 0.007164419628679752,
  "training/rollout_probs_diff_std": 0.01266265194863081,
  "training/rollout_actor_probs_pearson_corr": 0.9992145895957947,
  "reward/overall": -0.058105468749999986,
  "reward/format_score": 0.34375,
  "reward/uncertainty_score": 0.3734375,
  "reward/repetition_penalty": 0.008056640625,
  "reward/sc_score": 0.7101562499999999,
  "reward/avg_tool_calls": 0.0,
  "actor/reward_kl_penalty": 0.0010180838871747255,
  "actor/reward_kl_penalty_coeff": 0.009797025642762316,
  "rollout_corr/rollout_is_veto_fraction": 0.0,
  "rollout_corr/rollout_is_catastrophic_token_fraction": 0.0,
  "rollout_corr/training_ppl": 2.94339919090271,
  "rollout_corr/training_log_ppl": 1.0181058645248413,
  "rollout_corr/kl": 0.0011548168258741498,
  "rollout_corr/k3_kl": 0.001196603523567319,
  "rollout_corr/rollout_ppl": 2.9380993843078613,
  "rollout_corr/rollout_log_ppl": 1.0165683031082153,
  "rollout_corr/log_ppl_diff": 0.001537516713142395,
  "rollout_corr/log_ppl_abs_diff": 0.004288428463041782,
  "rollout_corr/log_ppl_diff_max": 0.0211026668548584,
  "rollout_corr/log_ppl_diff_min": -0.012257099151611328,
  "rollout_corr/ppl_ratio": 1.00155508518219,
  "rollout_corr/chi2_token": 0.0024428367614746094,
  "rollout_corr/chi2_seq": 0.3459433317184448,
  "training/global_step": 9,
  "training/epoch": 0,
  "critic/score/mean": -0.0581054650247097,
  "critic/score/max": 0.9921875,
  "critic/score/min": -1.0,
  "critic/rewards/mean": -0.059072963893413544,
  "critic/rewards/max": 0.9913401007652283,
  "critic/rewards/min": -1.003054141998291,
  "critic/advantages/mean": 0.10855617374181747,
  "critic/advantages/max": 1.4999974966049194,
  "critic/advantages/min": -1.499997854232788,
  "critic/returns/mean": 0.10855617374181747,
  "critic/returns/max": 1.4999974966049194,
  "critic/returns/min": -1.499997854232788,
  "response_length/mean": 99.96875,
  "response_length/max": 299.0,
  "response_length/min": 33.0,
  "response_length/clip_ratio": 0.0,
  "response_length_non_aborted/mean": 99.96875,
  "response_length_non_aborted/max": 299.0,
  "response_length_non_aborted/min": 33.0,
  "response_length_non_aborted/clip_ratio": 0.0,
  "response/aborted_ratio": 0.0,
  "prompt_length/mean": 193.0,
  "prompt_length/max": 193.0,
  "prompt_length/min": 193.0,
  "prompt_length/clip_ratio": 0.0,
  "num_turns/min": 2,
  "num_turns/max": 2,
  "num_turns/mean": 2.0,
  "timing_s/start_profile": 0.00015926407650113106,
  "timing_s/agent_loop/generate_sequences/min": 0.7263367749983445,
  "timing_s/agent_loop/generate_sequences/max": 3.0747077219421044,
  "timing_s/agent_loop/generate_sequences/mean": 1.7377225714626547,
  "timing_s/agent_loop/tool_calls/min": 0.0,
  "timing_s/agent_loop/tool_calls/max": 0.0,
  "timing_s/agent_loop/tool_calls/mean": 0.0,
  "timing_s/agent_loop/slowest/generate_sequences": 3.0747077219421044,
  "timing_s/agent_loop/slowest/tool_calls": 0.0,
  "timing_s/agent_loop/slowest/prompt_length": 193,
  "timing_s/agent_loop/slowest/response_length": 299,
  "timing_s/gen": 6.422500140964985,
  "timing_s/reward": 0.016101388027891517,
  "timing_s/old_log_prob": 5.642394007998519,
  "timing_s/ref": 1.7986278020543978,
  "timing_s/adv": 548.6204322680132,
  "timing_s/step": 562.5019651099574,
  "timing_s/save_checkpoint": 4.722585547016934,
  "timing_s/stop_profile": 0.00023606698960065842,
  "timing_per_token_ms/gen": 0.5019146718478419,
  "timing_per_token_ms/ref": 0.04796340805478394,
  "timing_per_token_ms/adv": 14.629878193813687,
  "perf/total_num_tokens": 37500,
  "perf/time_per_step": 562.5019651099574,
  "perf/throughput": 66.66643376555943
}