{
  "actor/entropy": 1.0624892711639404,
  "perf/mfu/actor_infer": 0,
  "training/rollout_probs_diff_valid": 1,
  "training/rollout_probs_diff_max": 0.17839142680168152,
  "training/rollout_probs_diff_mean": 0.0075225443579256535,
  "training/rollout_probs_diff_std": 0.012905964627861977,
  "training/rollout_actor_probs_pearson_corr": 0.9991642832756042,
  "reward/overall": -0.0551025390625,
  "reward/format_score": 0.328125,
  "reward/uncertainty_score": 0.428125,
  "reward/repetition_penalty": 0.0079345703125,
  "reward/sc_score": 0.6796875,
  "reward/avg_tool_calls": 0.0,
  "actor/reward_kl_penalty": 0.0010658566607162356,
  "actor/reward_kl_penalty_coeff": 0.009771945257116844,
  "rollout_corr/rollout_is_veto_fraction": 0.0,
  "rollout_corr/rollout_is_catastrophic_token_fraction": 0.0,
  "rollout_corr/training_ppl": 3.01667857170105,
  "rollout_corr/training_log_ppl": 1.040761947631836,
  "rollout_corr/kl": 0.0003543396305758506,
  "rollout_corr/k3_kl": 0.0012831113999709487,
  "rollout_corr/rollout_ppl": 3.013383150100708,
  "rollout_corr/rollout_log_ppl": 1.0401149988174438,
  "rollout_corr/log_ppl_diff": 0.000646964879706502,
  "rollout_corr/log_ppl_abs_diff": 0.004697272554039955,
  "rollout_corr/log_ppl_diff_max": 0.01769191026687622,
  "rollout_corr/log_ppl_diff_min": -0.0137825608253479,
  "rollout_corr/ppl_ratio": 1.0006643533706665,
  "rollout_corr/chi2_token": 0.004380345344543457,
  "rollout_corr/chi2_seq": 0.527393102645874,
  "training/global_step": 10,
  "training/epoch": 0,
  "critic/score/mean": -0.05510253459215164,
  "critic/score/max": 0.9921875,
  "critic/score/min": -1.0,
  "critic/rewards/mean": -0.05606335774064064,
  "critic/rewards/max": 0.9916675090789795,
  "critic/rewards/min": -1.0017520189285278,
  "critic/advantages/mean": 0.11704443395137787,
  "critic/advantages/max": 1.4999982118606567,
  "critic/advantages/min": -1.4999853372573853,
  "critic/returns/mean": 0.11704443395137787,
  "critic/returns/max": 1.4999982118606567,
  "critic/returns/min": -1.4999853372573853,
  "response_length/mean": 95.8125,
  "response_length/max": 348.0,
  "response_length/min": 29.0,
  "response_length/clip_ratio": 0.0,
  "response_length_non_aborted/mean": 95.8125,
  "response_length_non_aborted/max": 348.0,
  "response_length_non_aborted/min": 29.0,
  "response_length_non_aborted/clip_ratio": 0.0,
  "response/aborted_ratio": 0.0,
  "prompt_length/mean": 193.0,
  "prompt_length/max": 193.0,
  "prompt_length/min": 193.0,
  "prompt_length/clip_ratio": 0.0,
  "num_turns/min": 2,
  "num_turns/max": 2,
  "num_turns/mean": 2.0,
  "timing_s/start_profile": 0.00012657803017646074,
  "timing_s/agent_loop/generate_sequences/min": 0.5909663409693167,
  "timing_s/agent_loop/generate_sequences/max": 3.63790702202823,
  "timing_s/agent_loop/generate_sequences/mean": 1.6299275442297585,
  "timing_s/agent_loop/tool_calls/min": 0.0,
  "timing_s/agent_loop/tool_calls/max": 0.0,
  "timing_s/agent_loop/tool_calls/mean": 0.0,
  "timing_s/agent_loop/slowest/generate_sequences": 3.63790702202823,
  "timing_s/agent_loop/slowest/tool_calls": 0.0,
  "timing_s/agent_loop/slowest/prompt_length": 193,
  "timing_s/agent_loop/slowest/response_length": 348,
  "timing_s/gen": 7.691705737030134,
  "timing_s/reward": 0.025156700052320957,
  "timing_s/old_log_prob": 5.797314184950665,
  "timing_s/ref": 2.070297074969858,
  "timing_s/adv": 691.1760524290148,
  "timing_s/step": 706.7630182870198,
  "timing_s/save_checkpoint": 4.992572200950235,
  "timing_s/stop_profile": 0.0002090269699692726,
  "timing_per_token_ms/gen": 0.6271775715125679,
  "timing_per_token_ms/ref": 0.0560024095155231,
  "timing_per_token_ms/adv": 18.69660388522546,
  "perf/total_num_tokens": 36968,
  "perf/time_per_step": 706.7630182870198,
  "perf/throughput": 52.30607578987264
}