{
  "actor/entropy": 0.993998646736145,
  "perf/mfu/actor_infer": 0,
  "training/rollout_probs_diff_valid": 1,
  "training/rollout_probs_diff_max": 0.1375964879989624,
  "training/rollout_probs_diff_mean": 0.006921058055013418,
  "training/rollout_probs_diff_std": 0.012272363528609276,
  "training/rollout_actor_probs_pearson_corr": 0.9992609024047852,
  "reward/overall": -0.045849609375,
  "reward/format_score": 0.265625,
  "reward/uncertainty_score": 0.43437500000000007,
  "reward/repetition_penalty": 0.0078125,
  "reward/sc_score": 0.6796875,
  "reward/avg_tool_calls": 0.0,
  "actor/reward_kl_penalty": 0.0010445729130879045,
  "actor/reward_kl_penalty_coeff": 0.01,
  "rollout_corr/rollout_is_veto_fraction": 0.0,
  "rollout_corr/rollout_is_catastrophic_token_fraction": 0.0,
  "rollout_corr/training_ppl": 2.884216785430908,
  "rollout_corr/training_log_ppl": 0.9966500401496887,
  "rollout_corr/kl": 0.0014990598428994417,
  "rollout_corr/k3_kl": 0.001182244042865932,
  "rollout_corr/rollout_ppl": 2.8790712356567383,
  "rollout_corr/rollout_log_ppl": 0.9949796199798584,
  "rollout_corr/log_ppl_diff": 0.001670473488047719,
  "rollout_corr/log_ppl_abs_diff": 0.004672925919294357,
  "rollout_corr/log_ppl_diff_max": 0.019769787788391113,
  "rollout_corr/log_ppl_diff_min": -0.011731147766113281,
  "rollout_corr/ppl_ratio": 1.0016883611679077,
  "rollout_corr/chi2_token": 0.0016548633575439453,
  "rollout_corr/chi2_seq": 0.09472107887268066,
  "training/global_step": 1,
  "training/epoch": 0,
  "critic/score/mean": -0.04584960639476776,
  "critic/score/max": 0.9921875,
  "critic/score/min": -1.0,
  "critic/rewards/mean": -0.0468822717666626,
  "critic/rewards/max": 0.9919516444206238,
  "critic/rewards/min": -1.0032817125320435,
  "critic/advantages/mean": 0.15291531383991241,
  "critic/advantages/max": 1.4999982118606567,
  "critic/advantages/min": -1.4999961853027344,
  "critic/returns/mean": 0.15291531383991241,
  "critic/returns/max": 1.4999982118606567,
  "critic/returns/min": -1.4999961853027344,
  "response_length/mean": 101.953125,
  "response_length/max": 337.0,
  "response_length/min": 36.0,
  "response_length/clip_ratio": 0.0,
  "response_length_non_aborted/mean": 101.953125,
  "response_length_non_aborted/max": 337.0,
  "response_length_non_aborted/min": 36.0,
  "response_length_non_aborted/clip_ratio": 0.0,
  "response/aborted_ratio": 0.0,
  "prompt_length/mean": 193.0,
  "prompt_length/max": 193.0,
  "prompt_length/min": 193.0,
  "prompt_length/clip_ratio": 0.0,
  "num_turns/min": 2,
  "num_turns/max": 2,
  "num_turns/mean": 2.0,
  "timing_s/start_profile": 0.000339469057507813,
  "timing_s/agent_loop/generate_sequences/min": 4.558184916037135,
  "timing_s/agent_loop/generate_sequences/max": 7.663339770049788,
  "timing_s/agent_loop/generate_sequences/mean": 5.840243612367885,
  "timing_s/agent_loop/tool_calls/min": 0.0,
  "timing_s/agent_loop/tool_calls/max": 0.0,
  "timing_s/agent_loop/tool_calls/mean": 0.0,
  "timing_s/agent_loop/slowest/generate_sequences": 7.663339770049788,
  "timing_s/agent_loop/slowest/tool_calls": 0.0,
  "timing_s/agent_loop/slowest/prompt_length": 193,
  "timing_s/agent_loop/slowest/response_length": 296,
  "timing_s/gen": 28.87448529107496,
  "timing_s/reward": 0.02608522796072066,
  "timing_s/old_log_prob": 5.888750808895566,
  "timing_s/ref": 7.005601770011708,
  "timing_s/adv": 887.3108987160958,
  "timing_s/step": 929.1080523260171,
  "timing_s/save_checkpoint": 5.262721497914754,
  "timing_s/stop_profile": 0.00022986996918916702,
  "timing_per_token_ms/gen": 2.2126042368639816,
  "timing_per_token_ms/ref": 0.18555919293350925,
  "timing_per_token_ms/adv": 23.502434145152723,
  "perf/total_num_tokens": 37754,
  "perf/time_per_step": 929.1080523260171,
  "perf/throughput": 40.63467096801396
}