{
  "actor/entropy": 1.0436979532241821,
  "perf/mfu/actor_infer": 0,
  "training/rollout_probs_diff_valid": 1,
  "training/rollout_probs_diff_max": 0.16841700673103333,
  "training/rollout_probs_diff_mean": 0.007082127034664154,
  "training/rollout_probs_diff_std": 0.012733874842524529,
  "training/rollout_actor_probs_pearson_corr": 0.9992220401763916,
  "reward/overall": -0.12066650390624999,
  "reward/format_score": 0.25,
  "reward/uncertainty_score": 0.390625,
  "reward/repetition_penalty": 0.0078125,
  "reward/sc_score": 0.721875,
  "reward/avg_tool_calls": 0.0,
  "actor/reward_kl_penalty": 0.0009567046072334051,
  "actor/reward_kl_penalty_coeff": 0.00992339644022784,
  "rollout_corr/rollout_is_veto_fraction": 0.0,
  "rollout_corr/rollout_is_catastrophic_token_fraction": 0.0,
  "rollout_corr/training_ppl": 3.0850253105163574,
  "rollout_corr/training_log_ppl": 1.0451709032058716,
  "rollout_corr/kl": 0.000784782285336405,
  "rollout_corr/k3_kl": 0.0011945549631491303,
  "rollout_corr/rollout_ppl": 3.081791639328003,
  "rollout_corr/rollout_log_ppl": 1.0442930459976196,
  "rollout_corr/log_ppl_diff": 0.0008779123891144991,
  "rollout_corr/log_ppl_abs_diff": 0.004348454996943474,
  "rollout_corr/log_ppl_diff_max": 0.015154123306274414,
  "rollout_corr/log_ppl_diff_min": -0.015876173973083496,
  "rollout_corr/ppl_ratio": 1.0008931159973145,
  "rollout_corr/chi2_token": 0.003155350685119629,
  "rollout_corr/chi2_seq": 0.34968864917755127,
  "training/global_step": 4,
  "training/epoch": 0,
  "critic/score/mean": -0.1206664964556694,
  "critic/score/max": 0.9921875,
  "critic/score/min": -1.0,
  "critic/rewards/mean": -0.12160039693117142,
  "critic/rewards/max": 0.9917992353439331,
  "critic/rewards/min": -1.0025806427001953,
  "critic/advantages/mean": 0.10230192542076111,
  "critic/advantages/max": 1.4999972581863403,
  "critic/advantages/min": -1.4999929666519165,
  "critic/returns/mean": 0.10230192542076111,
  "critic/returns/max": 1.4999972581863403,
  "critic/returns/min": -1.4999929666519165,
  "response_length/mean": 100.6640625,
  "response_length/max": 347.0,
  "response_length/min": 38.0,
  "response_length/clip_ratio": 0.0,
  "response_length_non_aborted/mean": 100.6640625,
  "response_length_non_aborted/max": 347.0,
  "response_length_non_aborted/min": 38.0,
  "response_length_non_aborted/clip_ratio": 0.0,
  "response/aborted_ratio": 0.0,
  "prompt_length/mean": 193.0,
  "prompt_length/max": 193.0,
  "prompt_length/min": 193.0,
  "prompt_length/clip_ratio": 0.0,
  "num_turns/min": 2,
  "num_turns/max": 2,
  "num_turns/mean": 2.0,
  "timing_s/start_profile": 7.81170092523098e-05,
  "timing_s/agent_loop/generate_sequences/min": 0.6776639469899237,
  "timing_s/agent_loop/generate_sequences/max": 3.35102278389968,
  "timing_s/agent_loop/generate_sequences/mean": 1.708032108414045,
  "timing_s/agent_loop/tool_calls/min": 0.0,
  "timing_s/agent_loop/tool_calls/max": 0.0,
  "timing_s/agent_loop/tool_calls/mean": 0.0,
  "timing_s/agent_loop/slowest/generate_sequences": 3.35102278389968,
  "timing_s/agent_loop/slowest/tool_calls": 0.0,
  "timing_s/agent_loop/slowest/prompt_length": 193,
  "timing_s/agent_loop/slowest/response_length": 347,
  "timing_s/gen": 6.412144441972487,
  "timing_s/reward": 0.019222980947233737,
  "timing_s/old_log_prob": 5.675376379978843,
  "timing_s/ref": 1.8494628990301862,
  "timing_s/adv": 582.1906687630108,
  "timing_s/step": 596.1480512350099,
  "timing_s/save_checkpoint": 5.316237597959116,
  "timing_s/stop_profile": 0.00021729303989559412,
  "timing_per_token_ms/gen": 0.49764411656751933,
  "timing_per_token_ms/ref": 0.049202237330873026,
  "timing_per_token_ms/adv": 15.488325541062832,
  "perf/total_num_tokens": 37589,
  "perf/time_per_step": 596.1480512350099,
  "perf/throughput": 63.05312903754153
}