{
  "actor/entropy": 1.0460281372070312,
  "perf/mfu/actor_infer": 0,
  "training/rollout_probs_diff_valid": 1,
  "training/rollout_probs_diff_max": 0.18430191278457642,
  "training/rollout_probs_diff_mean": 0.007232998497784138,
  "training/rollout_probs_diff_std": 0.0125971594825387,
  "training/rollout_actor_probs_pearson_corr": 0.9992164969444275,
  "reward/overall": -0.0207275390625,
  "reward/format_score": 0.40625,
  "reward/uncertainty_score": 0.37968750000000007,
  "reward/repetition_penalty": 0.0078125,
  "reward/sc_score": 0.68828125,
  "reward/avg_tool_calls": 0.0,
  "actor/reward_kl_penalty": 0.0010510215070098639,
  "actor/reward_kl_penalty_coeff": 0.009746929077258625,
  "rollout_corr/rollout_is_veto_fraction": 0.0,
  "rollout_corr/rollout_is_catastrophic_token_fraction": 0.0,
  "rollout_corr/training_ppl": 2.9875330924987793,
  "rollout_corr/training_log_ppl": 1.0318009853363037,
  "rollout_corr/kl": 0.001274463371373713,
  "rollout_corr/k3_kl": 0.0012094994308426976,
  "rollout_corr/rollout_ppl": 2.9810597896575928,
  "rollout_corr/rollout_log_ppl": 1.0301313400268555,
  "rollout_corr/log_ppl_diff": 0.0016696969978511333,
  "rollout_corr/log_ppl_abs_diff": 0.004525579046458006,
  "rollout_corr/log_ppl_diff_max": 0.025596141815185547,
  "rollout_corr/log_ppl_diff_min": -0.016057372093200684,
  "rollout_corr/ppl_ratio": 1.0016875267028809,
  "rollout_corr/chi2_token": 0.0022563934326171875,
  "rollout_corr/chi2_seq": 0.46445775032043457,
  "training/global_step": 11,
  "training/epoch": 0,
  "critic/score/mean": -0.020727528259158134,
  "critic/score/max": 0.9921875,
  "critic/score/min": -1.0,
  "critic/rewards/mean": -0.021730050444602966,
  "critic/rewards/max": 0.9916442632675171,
  "critic/rewards/min": -1.0030958652496338,
  "critic/advantages/mean": 0.11268246173858643,
  "critic/advantages/max": 1.4999980926513672,
  "critic/advantages/min": -1.4999970197677612,
  "critic/returns/mean": 0.11268246173858643,
  "critic/returns/max": 1.4999980926513672,
  "critic/returns/min": -1.4999970197677612,
  "response_length/mean": 102.9140625,
  "response_length/max": 373.0,
  "response_length/min": 41.0,
  "response_length/clip_ratio": 0.0,
  "response_length_non_aborted/mean": 102.9140625,
  "response_length_non_aborted/max": 373.0,
  "response_length_non_aborted/min": 41.0,
  "response_length_non_aborted/clip_ratio": 0.0,
  "response/aborted_ratio": 0.0,
  "prompt_length/mean": 193.0,
  "prompt_length/max": 193.0,
  "prompt_length/min": 193.0,
  "prompt_length/clip_ratio": 0.0,
  "num_turns/min": 2,
  "num_turns/max": 2,
  "num_turns/mean": 2.0,
  "timing_s/start_profile": 0.0001422619679942727,
  "timing_s/agent_loop/generate_sequences/min": 0.8030636500334367,
  "timing_s/agent_loop/generate_sequences/max": 3.704994930070825,
  "timing_s/agent_loop/generate_sequences/mean": 1.8732913845497023,
  "timing_s/agent_loop/tool_calls/min": 0.0,
  "timing_s/agent_loop/tool_calls/max": 0.0,
  "timing_s/agent_loop/tool_calls/mean": 0.0,
  "timing_s/agent_loop/slowest/generate_sequences": 3.704994930070825,
  "timing_s/agent_loop/slowest/tool_calls": 0.0,
  "timing_s/agent_loop/slowest/prompt_length": 193,
  "timing_s/agent_loop/slowest/response_length": 373,
  "timing_s/gen": 6.970742496079765,
  "timing_s/reward": 0.016261177021078765,
  "timing_s/old_log_prob": 5.693479632027447,
  "timing_s/ref": 1.964194808038883,
  "timing_s/adv": 521.7100831359858,
  "timing_s/step": 536.3566508080112,
  "timing_s/save_checkpoint": 4.993996787001379,
  "timing_s/stop_profile": 0.0001412889687344432,
  "timing_per_token_ms/gen": 0.5291689437546319,
  "timing_per_token_ms/ref": 0.051857190591622436,
  "timing_per_token_ms/adv": 13.773796317976233,
  "perf/total_num_tokens": 37877,
  "perf/time_per_step": 536.3566508080112,
  "perf/throughput": 70.61905532995445
}