{
  "actor/entropy": 6.501500606536865,
  "perf/mfu/actor_infer": 0,
  "training/rollout_probs_diff_valid": 1,
  "training/rollout_probs_diff_max": 0.11644512414932251,
  "training/rollout_probs_diff_mean": 0.002240024972707033,
  "training/rollout_probs_diff_std": 0.006657942198216915,
  "training/rollout_actor_probs_pearson_corr": 0.9997676610946655,
  "reward/overall": -0.7811879595588236,
  "reward/format_score": -0.734375,
  "reward/uncertainty_score": 0.09062500000000001,
  "reward/repetition_penalty": 0.007812499999999998,
  "reward/sc_score": 0.09296875,
  "reward/avg_tool_calls": 0.009375000000000001,
  "actor/reward_kl_penalty": 0.0,
  "actor/reward_kl_penalty_coeff": -1.0578455953408009e-07,
  "rollout_corr/rollout_is_veto_fraction": 0.0,
  "rollout_corr/rollout_is_catastrophic_token_fraction": 0.0,
  "rollout_corr/training_ppl": 2400.554443359375,
  "rollout_corr/training_log_ppl": 5.947476863861084,
  "rollout_corr/kl": 0.0011998371919617057,
  "rollout_corr/k3_kl": 0.0013077195035293698,
  "rollout_corr/rollout_ppl": 2396.604736328125,
  "rollout_corr/rollout_log_ppl": 5.944871425628662,
  "rollout_corr/log_ppl_diff": 0.0026043711695820093,
  "rollout_corr/log_ppl_abs_diff": 0.005136154592037201,
  "rollout_corr/log_ppl_diff_max": 0.06448221206665039,
  "rollout_corr/log_ppl_diff_min": -0.01906442642211914,
  "rollout_corr/ppl_ratio": 1.0026675462722778,
  "rollout_corr/chi2_token": 0.0028308629989624023,
  "rollout_corr/chi2_seq": 1.4833526611328125,
  "training/global_step": 11,
  "training/epoch": 0,
  "critic/score/mean": -0.7811879515647888,
  "critic/score/max": 1.941176414489746,
  "critic/score/min": -1.0,
  "critic/rewards/mean": -0.7811879515647888,
  "critic/rewards/max": 1.941176414489746,
  "critic/rewards/min": -1.0,
  "critic/advantages/mean": -0.057498540729284286,
  "critic/advantages/max": 1.4999990463256836,
  "critic/advantages/min": -1.4410959482192993,
  "critic/returns/mean": -0.057498540729284286,
  "critic/returns/max": 1.4999990463256836,
  "critic/returns/min": -1.4410959482192993,
  "response_length/mean": 352.8671875,
  "response_length/max": 512.0,
  "response_length/min": 2.0,
  "response_length/clip_ratio": 0.5703125,
  "response_length_non_aborted/mean": 352.8671875,
  "response_length_non_aborted/max": 512.0,
  "response_length_non_aborted/min": 2.0,
  "response_length_non_aborted/clip_ratio": 0.5703125,
  "response/aborted_ratio": 0.0,
  "prompt_length/mean": 201.0,
  "prompt_length/max": 201.0,
  "prompt_length/min": 201.0,
  "prompt_length/clip_ratio": 0.0,
  "num_turns/min": 2,
  "num_turns/max": 2,
  "num_turns/mean": 2.0,
  "timing_s/start_profile": 5.850009620189667e-05,
  "timing_s/agent_loop/generate_sequences/min": 0.33791616500820965,
  "timing_s/agent_loop/generate_sequences/max": 46.48212062998209,
  "timing_s/agent_loop/generate_sequences/mean": 24.97269029535255,
  "timing_s/agent_loop/tool_calls/min": 0.0,
  "timing_s/agent_loop/tool_calls/max": 0.0,
  "timing_s/agent_loop/tool_calls/mean": 0.0,
  "timing_s/agent_loop/slowest/generate_sequences": 46.48212062998209,
  "timing_s/agent_loop/slowest/tool_calls": 0.0,
  "timing_s/agent_loop/slowest/prompt_length": 201,
  "timing_s/agent_loop/slowest/response_length": 512,
  "timing_s/gen": 59.31583460804541,
  "timing_s/reward": 0.007497495040297508,
  "timing_s/old_log_prob": 16.086144578061067,
  "timing_s/ref": 11.744039720972069,
  "timing_s/adv": 212.42616504395846,
  "timing_s/step": 299.5808232460404,
  "timing_s/save_checkpoint": 38.2422359950142,
  "timing_s/stop_profile": 0.00017266906797885895,
  "timing_per_token_ms/gen": 1.313256018952895,
  "timing_per_token_ms/adv": 2.9963490379287463,
  "timing_per_token_ms/ref": 0.16565399140943746,
  "perf/total_num_tokens": 70895,
  "perf/time_per_step": 299.5808232460404,
  "perf/throughput": 118.3236617615127
}