{
  "actor/entropy": 7.176519870758057,
  "perf/mfu/actor_infer": 0,
  "training/rollout_probs_diff_valid": 1,
  "training/rollout_probs_diff_max": 0.112079918384552,
  "training/rollout_probs_diff_mean": 0.0016903874929994345,
  "training/rollout_probs_diff_std": 0.005450558383017778,
  "training/rollout_actor_probs_pearson_corr": 0.9997842907905579,
  "reward/overall": -0.8182211538461539,
  "reward/format_score": -0.796875,
  "reward/uncertainty_score": 0.084375,
  "reward/repetition_penalty": 0.0078125,
  "reward/sc_score": 0.06796875,
  "reward/avg_tool_calls": 0.024999999999999998,
  "actor/reward_kl_penalty": 0.0,
  "actor/reward_kl_penalty_coeff": 3.778019983360003e-07,
  "rollout_corr/rollout_is_veto_fraction": 0.0,
  "rollout_corr/rollout_is_catastrophic_token_fraction": 0.0,
  "rollout_corr/training_ppl": 2739.990234375,
  "rollout_corr/training_log_ppl": 6.01994514465332,
  "rollout_corr/kl": 0.0011539600091055036,
  "rollout_corr/k3_kl": 0.0011802210938185453,
  "rollout_corr/rollout_ppl": 2732.92919921875,
  "rollout_corr/rollout_log_ppl": 6.013665199279785,
  "rollout_corr/log_ppl_diff": 0.006280289497226477,
  "rollout_corr/log_ppl_abs_diff": 0.008822893723845482,
  "rollout_corr/log_ppl_diff_max": 0.12590932846069336,
  "rollout_corr/log_ppl_diff_min": -0.019577741622924805,
  "rollout_corr/ppl_ratio": 1.0065251588821411,
  "rollout_corr/chi2_token": 0.0024148225784301758,
  "rollout_corr/chi2_seq": 0.6182291507720947,
  "training/global_step": 10,
  "training/epoch": 0,
  "critic/score/mean": -0.8182211518287659,
  "critic/score/max": 1.923076868057251,
  "critic/score/min": -1.0,
  "critic/rewards/mean": -0.8182211518287659,
  "critic/rewards/max": 1.923076868057251,
  "critic/rewards/min": -1.0,
  "critic/advantages/mean": 0.00318719819188118,
  "critic/advantages/max": 1.4999990463256836,
  "critic/advantages/min": -0.8660238981246948,
  "critic/returns/mean": 0.00318719819188118,
  "critic/returns/max": 1.4999990463256836,
  "critic/returns/min": -0.8660238981246948,
  "response_length/mean": 295.6953125,
  "response_length/max": 512.0,
  "response_length/min": 2.0,
  "response_length/clip_ratio": 0.46875,
  "response_length_non_aborted/mean": 295.6953125,
  "response_length_non_aborted/max": 512.0,
  "response_length_non_aborted/min": 2.0,
  "response_length_non_aborted/clip_ratio": 0.46875,
  "response/aborted_ratio": 0.0,
  "prompt_length/mean": 201.0,
  "prompt_length/max": 201.0,
  "prompt_length/min": 201.0,
  "prompt_length/clip_ratio": 0.0,
  "num_turns/min": 2,
  "num_turns/max": 2,
  "num_turns/mean": 2.0,
  "timing_s/start_profile": 0.0001816700678318739,
  "timing_s/agent_loop/generate_sequences/min": 0.2537247809814289,
  "timing_s/agent_loop/generate_sequences/max": 48.43426461296622,
  "timing_s/agent_loop/generate_sequences/mean": 22.167524533773758,
  "timing_s/agent_loop/tool_calls/min": 0.0,
  "timing_s/agent_loop/tool_calls/max": 0.0,
  "timing_s/agent_loop/tool_calls/mean": 0.0,
  "timing_s/agent_loop/slowest/generate_sequences": 48.43426461296622,
  "timing_s/agent_loop/slowest/tool_calls": 0.0,
  "timing_s/agent_loop/slowest/prompt_length": 201,
  "timing_s/agent_loop/slowest/response_length": 512,
  "timing_s/gen": 60.736897787079215,
  "timing_s/reward": 0.04844126396346837,
  "timing_s/old_log_prob": 15.575677637010813,
  "timing_s/ref": 11.309790132916532,
  "timing_s/adv": 191.27923794602975,
  "timing_s/step": 278.9527112490032,
  "timing_s/save_checkpoint": 28.66817338997498,
  "timing_s/stop_profile": 0.00016803503967821598,
  "timing_per_token_ms/gen": 1.6047160502808322,
  "timing_per_token_ms/adv": 3.008623211948185,
  "timing_per_token_ms/ref": 0.17789122061306026,
  "perf/total_num_tokens": 63577,
  "perf/time_per_step": 278.9527112490032,
  "perf/throughput": 113.95659091344858
}