{
  "actor/entropy": 6.615084648132324,
  "perf/mfu/actor_infer": 0,
  "training/rollout_probs_diff_valid": 1,
  "training/rollout_probs_diff_max": 0.1232292652130127,
  "training/rollout_probs_diff_mean": 0.0023351728450506926,
  "training/rollout_probs_diff_std": 0.006918071303516626,
  "training/rollout_actor_probs_pearson_corr": 0.9997237920761108,
  "reward/overall": -0.8112834821428572,
  "reward/format_score": -0.78125,
  "reward/uncertainty_score": 0.084375,
  "reward/repetition_penalty": 0.007812499999999999,
  "reward/sc_score": 0.07109375,
  "reward/avg_tool_calls": 0.010937500000000001,
  "actor/reward_kl_penalty": 0.0,
  "actor/reward_kl_penalty_coeff": 0.01,
  "rollout_corr/rollout_is_veto_fraction": 0.0,
  "rollout_corr/rollout_is_catastrophic_token_fraction": 0.0,
  "rollout_corr/training_ppl": 2297.544921875,
  "rollout_corr/training_log_ppl": 5.799317359924316,
  "rollout_corr/kl": 0.0017354004085063934,
  "rollout_corr/k3_kl": 0.0013673548819497228,
  "rollout_corr/rollout_ppl": 2292.495849609375,
  "rollout_corr/rollout_log_ppl": 5.797058582305908,
  "rollout_corr/log_ppl_diff": 0.002258722437545657,
  "rollout_corr/log_ppl_abs_diff": 0.006254781968891621,
  "rollout_corr/log_ppl_diff_max": 0.039257049560546875,
  "rollout_corr/log_ppl_diff_min": -0.04333353042602539,
  "rollout_corr/ppl_ratio": 1.0023128986358643,
  "rollout_corr/chi2_token": 0.0020055770874023438,
  "rollout_corr/chi2_seq": 0.410125732421875,
  "training/global_step": 1,
  "training/epoch": 0,
  "critic/score/mean": -0.8112834692001343,
  "critic/score/max": 1.5535714626312256,
  "critic/score/min": -1.0,
  "critic/rewards/mean": -0.8112834692001343,
  "critic/rewards/max": 1.5535714626312256,
  "critic/rewards/min": -1.0,
  "critic/advantages/mean": -0.03048611432313919,
  "critic/advantages/max": 1.4999988079071045,
  "critic/advantages/min": -0.8568586707115173,
  "critic/returns/mean": -0.03048611432313919,
  "critic/returns/max": 1.4999988079071045,
  "critic/returns/min": -0.8568586707115173,
  "response_length/mean": 293.609375,
  "response_length/max": 512.0,
  "response_length/min": 2.0,
  "response_length/clip_ratio": 0.484375,
  "response_length_non_aborted/mean": 293.609375,
  "response_length_non_aborted/max": 512.0,
  "response_length_non_aborted/min": 2.0,
  "response_length_non_aborted/clip_ratio": 0.484375,
  "response/aborted_ratio": 0.0,
  "prompt_length/mean": 199.0,
  "prompt_length/max": 199.0,
  "prompt_length/min": 199.0,
  "prompt_length/clip_ratio": 0.0,
  "num_turns/min": 2,
  "num_turns/max": 2,
  "num_turns/mean": 2.0,
  "timing_s/start_profile": 0.0007181249093264341,
  "timing_s/agent_loop/generate_sequences/min": 4.127804582938552,
  "timing_s/agent_loop/generate_sequences/max": 47.64057762094308,
  "timing_s/agent_loop/generate_sequences/mean": 24.310412473353608,
  "timing_s/agent_loop/tool_calls/min": 0.0,
  "timing_s/agent_loop/tool_calls/max": 0.0,
  "timing_s/agent_loop/tool_calls/mean": 0.0,
  "timing_s/agent_loop/slowest/generate_sequences": 47.64057762094308,
  "timing_s/agent_loop/slowest/tool_calls": 0.0,
  "timing_s/agent_loop/slowest/prompt_length": 199,
  "timing_s/agent_loop/slowest/response_length": 512,
  "timing_s/gen": 58.99560809799004,
  "timing_s/reward": 0.050446730107069016,
  "timing_s/old_log_prob": 16.4746349590132,
  "timing_s/ref": 11.01116454100702,
  "timing_s/adv": 138.19014002894983,
  "timing_s/step": 224.72513399692252,
  "timing_s/save_checkpoint": 22.790839612018317,
  "timing_s/stop_profile": 0.00016819604206830263,
  "timing_per_token_ms/gen": 1.5697836224253643,
  "timing_per_token_ms/adv": 2.191615758380909,
  "timing_per_token_ms/ref": 0.17463070607744186,
  "perf/total_num_tokens": 63054,
  "perf/time_per_step": 224.72513399692252,
  "perf/throughput": 140.2913836973471
}