{
  "actor/entropy": 6.378966808319092,
  "perf/mfu/actor_infer": 0,
  "training/rollout_probs_diff_valid": 1,
  "training/rollout_probs_diff_max": 0.0890270471572876,
  "training/rollout_probs_diff_mean": 0.0021271014120429754,
  "training/rollout_probs_diff_std": 0.006304802838712931,
  "training/rollout_actor_probs_pearson_corr": 0.9998072981834412,
  "reward/overall": -0.7779549632352941,
  "reward/format_score": -0.734375,
  "reward/uncertainty_score": 0.09375,
  "reward/repetition_penalty": 0.007812499999999999,
  "reward/sc_score": 0.1,
  "reward/avg_tool_calls": 0.0015625,
  "actor/reward_kl_penalty": 0.0,
  "actor/reward_kl_penalty_coeff": 1.4273434994667516e-11,
  "rollout_corr/rollout_is_veto_fraction": 0.0,
  "rollout_corr/rollout_is_catastrophic_token_fraction": 0.0,
  "rollout_corr/training_ppl": 2012.6427001953125,
  "rollout_corr/training_log_ppl": 5.566469669342041,
  "rollout_corr/kl": 0.001533563481643796,
  "rollout_corr/k3_kl": 0.0012820928823202848,
  "rollout_corr/rollout_ppl": 2005.2249755859375,
  "rollout_corr/rollout_log_ppl": 5.562914848327637,
  "rollout_corr/log_ppl_diff": 0.003554865252226591,
  "rollout_corr/log_ppl_abs_diff": 0.006852040532976389,
  "rollout_corr/log_ppl_diff_max": 0.05942678451538086,
  "rollout_corr/log_ppl_diff_min": -0.0709989070892334,
  "rollout_corr/ppl_ratio": 1.003656029701233,
  "rollout_corr/chi2_token": 0.0020673274993896484,
  "rollout_corr/chi2_seq": 0.7022552490234375,
  "training/global_step": 18,
  "training/epoch": 0,
  "critic/score/mean": -0.7779549956321716,
  "critic/score/max": 1.941176414489746,
  "critic/score/min": -1.0,
  "critic/rewards/mean": -0.7779549956321716,
  "critic/rewards/max": 1.941176414489746,
  "critic/rewards/min": -1.0,
  "critic/advantages/mean": -0.09418227523565292,
  "critic/advantages/max": 1.4999990463256836,
  "critic/advantages/min": -0.8660238981246948,
  "critic/returns/mean": -0.09418227523565292,
  "critic/returns/max": 1.4999990463256836,
  "critic/returns/min": -0.8660238981246948,
  "response_length/mean": 293.765625,
  "response_length/max": 512.0,
  "response_length/min": 2.0,
  "response_length/clip_ratio": 0.46875,
  "response_length_non_aborted/mean": 293.765625,
  "response_length_non_aborted/max": 512.0,
  "response_length_non_aborted/min": 2.0,
  "response_length_non_aborted/clip_ratio": 0.46875,
  "response/aborted_ratio": 0.0,
  "prompt_length/mean": 201.0,
  "prompt_length/max": 201.0,
  "prompt_length/min": 201.0,
  "prompt_length/clip_ratio": 0.0,
  "num_turns/min": 2,
  "num_turns/max": 2,
  "num_turns/mean": 2.0,
  "timing_s/start_profile": 6.033398676663637e-05,
  "timing_s/agent_loop/generate_sequences/min": 0.4057610990712419,
  "timing_s/agent_loop/generate_sequences/max": 44.36826821102295,
  "timing_s/agent_loop/generate_sequences/mean": 20.29435546026889,
  "timing_s/agent_loop/tool_calls/min": 0.0,
  "timing_s/agent_loop/tool_calls/max": 0.0,
  "timing_s/agent_loop/tool_calls/mean": 0.0,
  "timing_s/agent_loop/slowest/generate_sequences": 44.36826821102295,
  "timing_s/agent_loop/slowest/tool_calls": 0.0,
  "timing_s/agent_loop/slowest/prompt_length": 201,
  "timing_s/agent_loop/slowest/response_length": 512,
  "timing_s/gen": 54.67132243805099,
  "timing_s/reward": 0.01853343506809324,
  "timing_s/old_log_prob": 14.7888248070376,
  "timing_s/ref": 11.148695676936768,
  "timing_s/adv": 246.95754569303244,
  "timing_s/step": 327.5868715919787,
  "timing_s/save_checkpoint": 22.551979464944452,
  "timing_s/stop_profile": 0.00021292397286742926,
  "timing_per_token_ms/gen": 1.4539471953101162,
  "timing_per_token_ms/adv": 3.8995349075166974,
  "timing_per_token_ms/ref": 0.17604130233596665,
  "perf/total_num_tokens": 63330,
  "perf/time_per_step": 327.5868715919787,
  "perf/throughput": 96.66138281463215
}