{
  "actor/entropy": 6.448437213897705,
  "perf/mfu/actor_infer": 0,
  "training/rollout_probs_diff_valid": 1,
  "training/rollout_probs_diff_max": 0.18073558807373047,
  "training/rollout_probs_diff_mean": 0.002094442956149578,
  "training/rollout_probs_diff_std": 0.006557929795235395,
  "training/rollout_actor_probs_pearson_corr": 0.9997938871383667,
  "reward/overall": -0.7729009046052631,
  "reward/format_score": -0.703125,
  "reward/uncertainty_score": 0.08124999999999999,
  "reward/repetition_penalty": 0.00863486842105263,
  "reward/sc_score": 0.115625,
  "reward/avg_tool_calls": 0.03046875,
  "actor/reward_kl_penalty": 0.0,
  "actor/reward_kl_penalty_coeff": -1.349292851200001e-06,
  "rollout_corr/rollout_is_veto_fraction": 0.0,
  "rollout_corr/rollout_is_catastrophic_token_fraction": 0.0,
  "rollout_corr/training_ppl": 2060.814697265625,
  "rollout_corr/training_log_ppl": 5.803995609283447,
  "rollout_corr/kl": 0.0013701427960768342,
  "rollout_corr/k3_kl": 0.0012901115696877241,
  "rollout_corr/rollout_ppl": 2056.914306640625,
  "rollout_corr/rollout_log_ppl": 5.799920082092285,
  "rollout_corr/log_ppl_diff": 0.0040748631581664085,
  "rollout_corr/log_ppl_abs_diff": 0.0058280108496546745,
  "rollout_corr/log_ppl_diff_max": 0.11736917495727539,
  "rollout_corr/log_ppl_diff_min": -0.028568029403686523,
  "rollout_corr/ppl_ratio": 1.0041714906692505,
  "rollout_corr/chi2_token": 0.002427339553833008,
  "rollout_corr/chi2_seq": 1.8138611316680908,
  "training/global_step": 9,
  "training/epoch": 0,
  "critic/score/mean": -0.7729009389877319,
  "critic/score/max": 1.6423684358596802,
  "critic/score/min": -1.0,
  "critic/rewards/mean": -0.7729009389877319,
  "critic/rewards/max": 1.6423684358596802,
  "critic/rewards/min": -1.0,
  "critic/advantages/mean": -0.021750127896666527,
  "critic/advantages/max": 1.4999990463256836,
  "critic/advantages/min": -0.8231709003448486,
  "critic/returns/mean": -0.021750127896666527,
  "critic/returns/max": 1.4999990463256836,
  "critic/returns/min": -0.8231709003448486,
  "response_length/mean": 323.890625,
  "response_length/max": 512.0,
  "response_length/min": 2.0,
  "response_length/clip_ratio": 0.4921875,
  "response_length_non_aborted/mean": 323.890625,
  "response_length_non_aborted/max": 512.0,
  "response_length_non_aborted/min": 2.0,
  "response_length_non_aborted/clip_ratio": 0.4921875,
  "response/aborted_ratio": 0.0,
  "prompt_length/mean": 201.0,
  "prompt_length/max": 201.0,
  "prompt_length/min": 201.0,
  "prompt_length/clip_ratio": 0.0,
  "num_turns/min": 2,
  "num_turns/max": 2,
  "num_turns/mean": 2.0,
  "timing_s/start_profile": 0.00011465197894722223,
  "timing_s/agent_loop/generate_sequences/min": 0.2842301889322698,
  "timing_s/agent_loop/generate_sequences/max": 49.601056736079045,
  "timing_s/agent_loop/generate_sequences/mean": 23.645049710483363,
  "timing_s/agent_loop/tool_calls/min": 0.0,
  "timing_s/agent_loop/tool_calls/max": 0.0,
  "timing_s/agent_loop/tool_calls/mean": 0.0,
  "timing_s/agent_loop/slowest/generate_sequences": 49.601056736079045,
  "timing_s/agent_loop/slowest/tool_calls": 0.0,
  "timing_s/agent_loop/slowest/prompt_length": 201,
  "timing_s/agent_loop/slowest/response_length": 512,
  "timing_s/gen": 60.93715728097595,
  "timing_s/reward": 0.033688080962747335,
  "timing_s/old_log_prob": 17.231316369958222,
  "timing_s/ref": 12.204566974076442,
  "timing_s/adv": 294.11756753898226,
  "timing_s/step": 384.5263674140442,
  "timing_s/save_checkpoint": 32.35688776092138,
  "timing_s/stop_profile": 0.00018778792582452297,
  "timing_per_token_ms/gen": 1.4698527975535711,
  "timing_per_token_ms/adv": 4.377661529767843,
  "timing_per_token_ms/ref": 0.18165342443479954,
  "perf/total_num_tokens": 67186,
  "perf/time_per_step": 384.5263674140442,
  "perf/throughput": 87.36201947844128
}