{
  "actor/entropy": 6.4999260902404785,
  "perf/mfu/actor_infer": 0,
  "training/rollout_probs_diff_valid": 1,
  "training/rollout_probs_diff_max": 0.11162731051445007,
  "training/rollout_probs_diff_mean": 0.002086459193378687,
  "training/rollout_probs_diff_std": 0.006199786905199289,
  "training/rollout_actor_probs_pearson_corr": 0.9997916221618652,
  "reward/overall": -0.8242848557692308,
  "reward/format_score": -0.796875,
  "reward/uncertainty_score": 0.078125,
  "reward/repetition_penalty": 0.0078125,
  "reward/sc_score": 0.07890625,
  "reward/avg_tool_calls": 0.0054687500000000005,
  "actor/reward_kl_penalty": 0.0,
  "actor/reward_kl_penalty_coeff": -8.29350946747188e-09,
  "rollout_corr/rollout_is_veto_fraction": 0.0,
  "rollout_corr/rollout_is_catastrophic_token_fraction": 0.0,
  "rollout_corr/training_ppl": 1899.35009765625,
  "rollout_corr/training_log_ppl": 5.874268531799316,
  "rollout_corr/kl": 0.001488185254856944,
  "rollout_corr/k3_kl": 0.0013088211417198181,
  "rollout_corr/rollout_ppl": 1894.8604736328125,
  "rollout_corr/rollout_log_ppl": 5.868940353393555,
  "rollout_corr/log_ppl_diff": 0.005328001920133829,
  "rollout_corr/log_ppl_abs_diff": 0.0071692378260195255,
  "rollout_corr/log_ppl_diff_max": 0.12238931655883789,
  "rollout_corr/log_ppl_diff_min": -0.022749900817871094,
  "rollout_corr/ppl_ratio": 1.005476951599121,
  "rollout_corr/chi2_token": 0.0022628307342529297,
  "rollout_corr/chi2_seq": 0.9053294658660889,
  "training/global_step": 13,
  "training/epoch": 0,
  "critic/score/mean": -0.8242849111557007,
  "critic/score/max": 1.923076868057251,
  "critic/score/min": -1.0,
  "critic/rewards/mean": -0.8242849111557007,
  "critic/rewards/max": 1.923076868057251,
  "critic/rewards/min": -1.0,
  "critic/advantages/mean": -0.025403805077075958,
  "critic/advantages/max": 1.4999990463256836,
  "critic/advantages/min": -0.8660238981246948,
  "critic/returns/mean": -0.025403805077075958,
  "critic/returns/max": 1.4999990463256836,
  "critic/returns/min": -0.8660238981246948,
  "response_length/mean": 326.4609375,
  "response_length/max": 512.0,
  "response_length/min": 2.0,
  "response_length/clip_ratio": 0.5390625,
  "response_length_non_aborted/mean": 326.4609375,
  "response_length_non_aborted/max": 512.0,
  "response_length_non_aborted/min": 2.0,
  "response_length_non_aborted/clip_ratio": 0.5390625,
  "response/aborted_ratio": 0.0,
  "prompt_length/mean": 201.0,
  "prompt_length/max": 201.0,
  "prompt_length/min": 201.0,
  "prompt_length/clip_ratio": 0.0,
  "num_turns/min": 2,
  "num_turns/max": 2,
  "num_turns/mean": 2.0,
  "timing_s/start_profile": 5.727401003241539e-05,
  "timing_s/agent_loop/generate_sequences/min": 0.29388335591647774,
  "timing_s/agent_loop/generate_sequences/max": 51.08689888694789,
  "timing_s/agent_loop/generate_sequences/mean": 24.65777658640036,
  "timing_s/agent_loop/tool_calls/min": 0.0,
  "timing_s/agent_loop/tool_calls/max": 0.0,
  "timing_s/agent_loop/tool_calls/mean": 0.0,
  "timing_s/agent_loop/slowest/generate_sequences": 51.08689888694789,
  "timing_s/agent_loop/slowest/tool_calls": 0.0,
  "timing_s/agent_loop/slowest/prompt_length": 201,
  "timing_s/agent_loop/slowest/response_length": 512,
  "timing_s/gen": 68.8060221329797,
  "timing_s/reward": 0.012578769004903734,
  "timing_s/old_log_prob": 15.000475623994134,
  "timing_s/ref": 11.306526339030825,
  "timing_s/adv": 255.24023145192768,
  "timing_s/step": 350.36713142192457,
  "timing_s/save_checkpoint": 31.221282173064537,
  "timing_s/stop_profile": 0.0001646280288696289,
  "timing_per_token_ms/gen": 1.6465891816349512,
  "timing_per_token_ms/adv": 3.7804966518836953,
  "timing_per_token_ms/ref": 0.16746687904955676,
  "perf/total_num_tokens": 67515,
  "perf/time_per_step": 350.36713142192457,
  "perf/throughput": 96.34893508132193
}