{
  "actor/entropy": 6.859776020050049,
  "perf/mfu/actor_infer": 0,
  "training/rollout_probs_diff_valid": 1,
  "training/rollout_probs_diff_max": 0.09617683291435242,
  "training/rollout_probs_diff_mean": 0.001753937336616218,
  "training/rollout_probs_diff_std": 0.005641622003167868,
  "training/rollout_actor_probs_pearson_corr": 0.99981290102005,
  "reward/overall": -0.8566015625000001,
  "reward/format_score": -0.8125,
  "reward/uncertainty_score": 0.053125000000000006,
  "reward/repetition_penalty": 0.0078125,
  "reward/sc_score": 0.07265625,
  "reward/avg_tool_calls": 0.00859375,
  "actor/reward_kl_penalty": 0.0,
  "actor/reward_kl_penalty_coeff": -6.502111422497955e-10,
  "rollout_corr/rollout_is_veto_fraction": 0.0,
  "rollout_corr/rollout_is_catastrophic_token_fraction": 0.0,
  "rollout_corr/training_ppl": 2422.82470703125,
  "rollout_corr/training_log_ppl": 6.229805946350098,
  "rollout_corr/kl": 0.0009995904983952641,
  "rollout_corr/k3_kl": 0.0012688806746155024,
  "rollout_corr/rollout_ppl": 2418.22705078125,
  "rollout_corr/rollout_log_ppl": 6.226790428161621,
  "rollout_corr/log_ppl_diff": 0.0030152450781315565,
  "rollout_corr/log_ppl_abs_diff": 0.006548057310283184,
  "rollout_corr/log_ppl_diff_max": 0.0953369140625,
  "rollout_corr/log_ppl_diff_min": -0.04717397689819336,
  "rollout_corr/ppl_ratio": 1.0031408071517944,
  "rollout_corr/chi2_token": 0.003077983856201172,
  "rollout_corr/chi2_seq": 2.0712339878082275,
  "training/global_step": 15,
  "training/epoch": 0,
  "critic/score/mean": -0.8566015958786011,
  "critic/score/max": 1.5166666507720947,
  "critic/score/min": -1.0,
  "critic/rewards/mean": -0.8566015958786011,
  "critic/rewards/max": 1.5166666507720947,
  "critic/rewards/min": -1.0,
  "critic/advantages/mean": -0.05685218423604965,
  "critic/advantages/max": 1.499998927116394,
  "critic/advantages/min": -0.7974495887756348,
  "critic/returns/mean": -0.05685218423604965,
  "critic/returns/max": 1.499998927116394,
  "critic/returns/min": -0.7974495887756348,
  "response_length/mean": 365.4765625,
  "response_length/max": 512.0,
  "response_length/min": 2.0,
  "response_length/clip_ratio": 0.59375,
  "response_length_non_aborted/mean": 365.4765625,
  "response_length_non_aborted/max": 512.0,
  "response_length_non_aborted/min": 2.0,
  "response_length_non_aborted/clip_ratio": 0.59375,
  "response/aborted_ratio": 0.0,
  "prompt_length/mean": 201.0,
  "prompt_length/max": 201.0,
  "prompt_length/min": 201.0,
  "prompt_length/clip_ratio": 0.0,
  "num_turns/min": 2,
  "num_turns/max": 2,
  "num_turns/mean": 2.0,
  "timing_s/start_profile": 4.986405838280916e-05,
  "timing_s/agent_loop/generate_sequences/min": 0.4510096668964252,
  "timing_s/agent_loop/generate_sequences/max": 57.12442177999765,
  "timing_s/agent_loop/generate_sequences/mean": 30.229600512827346,
  "timing_s/agent_loop/tool_calls/min": 0.0,
  "timing_s/agent_loop/tool_calls/max": 0.0,
  "timing_s/agent_loop/tool_calls/mean": 0.0,
  "timing_s/agent_loop/slowest/generate_sequences": 57.12442177999765,
  "timing_s/agent_loop/slowest/tool_calls": 0.0,
  "timing_s/agent_loop/slowest/prompt_length": 201,
  "timing_s/agent_loop/slowest/response_length": 512,
  "timing_s/gen": 72.20580011093989,
  "timing_s/reward": 0.019847919000312686,
  "timing_s/old_log_prob": 16.303578688995913,
  "timing_s/ref": 13.322833754937164,
  "timing_s/adv": 96.0645758259343,
  "timing_s/step": 197.91873895493336,
  "timing_s/save_checkpoint": 30.081909602042288,
  "timing_s/stop_profile": 0.0001740779262036085,
  "timing_per_token_ms/gen": 1.543485605500949,
  "timing_per_token_ms/adv": 1.3248641661853604,
  "timing_per_token_ms/ref": 0.183740415051058,
  "perf/total_num_tokens": 72509,
  "perf/time_per_step": 197.91873895493336,
  "perf/throughput": 183.17871360455288
}