{
  "actor/entropy": 6.617672443389893,
  "perf/mfu/actor_infer": 0,
  "training/rollout_probs_diff_valid": 1,
  "training/rollout_probs_diff_max": 0.08993476629257202,
  "training/rollout_probs_diff_mean": 0.001886262558400631,
  "training/rollout_probs_diff_std": 0.005656652618199587,
  "training/rollout_actor_probs_pearson_corr": 0.9998270273208618,
  "reward/overall": -0.860078125,
  "reward/format_score": -0.8125,
  "reward/uncertainty_score": 0.05,
  "reward/repetition_penalty": 0.0078125,
  "reward/sc_score": 0.07500000000000001,
  "reward/avg_tool_calls": 0.0015625,
  "actor/reward_kl_penalty": 0.0,
  "actor/reward_kl_penalty_coeff": -0.00021952000000000007,
  "rollout_corr/rollout_is_veto_fraction": 0.0,
  "rollout_corr/rollout_is_catastrophic_token_fraction": 0.0,
  "rollout_corr/training_ppl": 2463.10595703125,
  "rollout_corr/training_log_ppl": 6.1448259353637695,
  "rollout_corr/kl": 0.0016739021521061659,
  "rollout_corr/k3_kl": 0.0012565305223688483,
  "rollout_corr/rollout_ppl": 2452.11474609375,
  "rollout_corr/rollout_log_ppl": 6.139848709106445,
  "rollout_corr/log_ppl_diff": 0.004977385513484478,
  "rollout_corr/log_ppl_abs_diff": 0.006299432832747698,
  "rollout_corr/log_ppl_diff_max": 0.1925497055053711,
  "rollout_corr/log_ppl_diff_min": -0.02994680404663086,
  "rollout_corr/ppl_ratio": 1.005200982093811,
  "rollout_corr/chi2_token": 0.0016808509826660156,
  "rollout_corr/chi2_seq": 2.061429738998413,
  "training/global_step": 5,
  "training/epoch": 0,
  "critic/score/mean": -0.8600781559944153,
  "critic/score/max": 1.5166666507720947,
  "critic/score/min": -1.0,
  "critic/rewards/mean": -0.8600781559944153,
  "critic/rewards/max": 1.5166666507720947,
  "critic/rewards/min": -1.0,
  "critic/advantages/mean": -0.032236289232969284,
  "critic/advantages/max": 1.499998927116394,
  "critic/advantages/min": -1.3168762922286987,
  "critic/returns/mean": -0.032236289232969284,
  "critic/returns/max": 1.499998927116394,
  "critic/returns/min": -1.3168762922286987,
  "response_length/mean": 394.1640625,
  "response_length/max": 512.0,
  "response_length/min": 2.0,
  "response_length/clip_ratio": 0.6484375,
  "response_length_non_aborted/mean": 394.1640625,
  "response_length_non_aborted/max": 512.0,
  "response_length_non_aborted/min": 2.0,
  "response_length_non_aborted/clip_ratio": 0.6484375,
  "response/aborted_ratio": 0.0,
  "prompt_length/mean": 201.0,
  "prompt_length/max": 201.0,
  "prompt_length/min": 201.0,
  "prompt_length/clip_ratio": 0.0,
  "num_turns/min": 2,
  "num_turns/max": 2,
  "num_turns/mean": 2.0,
  "timing_s/start_profile": 5.367607809603214e-05,
  "timing_s/agent_loop/generate_sequences/min": 0.28982870397157967,
  "timing_s/agent_loop/generate_sequences/max": 58.37303920194972,
  "timing_s/agent_loop/generate_sequences/mean": 31.902209496799514,
  "timing_s/agent_loop/tool_calls/min": 0.0,
  "timing_s/agent_loop/tool_calls/max": 0.0,
  "timing_s/agent_loop/tool_calls/mean": 0.0,
  "timing_s/agent_loop/slowest/generate_sequences": 58.37303920194972,
  "timing_s/agent_loop/slowest/tool_calls": 0.0,
  "timing_s/agent_loop/slowest/prompt_length": 201,
  "timing_s/agent_loop/slowest/response_length": 512,
  "timing_s/gen": 67.24066931405105,
  "timing_s/reward": 0.023626032983884215,
  "timing_s/old_log_prob": 15.238674727967009,
  "timing_s/ref": 11.523299871012568,
  "timing_s/adv": 64.13782216294203,
  "timing_s/step": 158.1662387859542,
  "timing_s/save_checkpoint": 27.687854563002475,
  "timing_s/stop_profile": 0.0001641500275582075,
  "timing_per_token_ms/gen": 1.332738772997662,
  "timing_per_token_ms/adv": 0.8419136288962081,
  "timing_per_token_ms/ref": 0.15126212403371667,
  "perf/total_num_tokens": 76181,
  "perf/time_per_step": 158.1662387859542,
  "perf/throughput": 240.82573052487982
}