{
  "actor/entropy": 6.983295917510986,
  "perf/mfu/actor_infer": 0,
  "training/rollout_probs_diff_valid": 1,
  "training/rollout_probs_diff_max": 0.1830301135778427,
  "training/rollout_probs_diff_mean": 0.0017199763096868992,
  "training/rollout_probs_diff_std": 0.0058528766967356205,
  "training/rollout_actor_probs_pearson_corr": 0.9997909069061279,
  "reward/overall": -0.8786328125,
  "reward/format_score": -0.84375,
  "reward/uncertainty_score": 0.046875,
  "reward/repetition_penalty": 0.0078125,
  "reward/sc_score": 0.06484374999999999,
  "reward/avg_tool_calls": 0.00546875,
  "actor/reward_kl_penalty": 0.0,
  "actor/reward_kl_penalty_coeff": 2.9619676669542427e-08,
  "rollout_corr/rollout_is_veto_fraction": 0.0,
  "rollout_corr/rollout_is_catastrophic_token_fraction": 0.0,
  "rollout_corr/training_ppl": 2933.230224609375,
  "rollout_corr/training_log_ppl": 6.65009069442749,
  "rollout_corr/kl": 0.0015587734524160624,
  "rollout_corr/k3_kl": 0.0012722138781100512,
  "rollout_corr/rollout_ppl": 2927.781982421875,
  "rollout_corr/rollout_log_ppl": 6.647067546844482,
  "rollout_corr/log_ppl_diff": 0.003023081924766302,
  "rollout_corr/log_ppl_abs_diff": 0.00568086514249444,
  "rollout_corr/log_ppl_diff_max": 0.1462855339050293,
  "rollout_corr/log_ppl_diff_min": -0.05990409851074219,
  "rollout_corr/ppl_ratio": 1.0031461715698242,
  "rollout_corr/chi2_token": 0.001965761184692383,
  "rollout_corr/chi2_seq": 0.6440788507461548,
  "training/global_step": 12,
  "training/epoch": 0,
  "critic/score/mean": -0.8786327838897705,
  "critic/score/max": 1.534999966621399,
  "critic/score/min": -1.0,
  "critic/rewards/mean": -0.8786327838897705,
  "critic/rewards/max": 1.534999966621399,
  "critic/rewards/min": -1.0,
  "critic/advantages/mean": -0.011700802482664585,
  "critic/advantages/max": 1.499998927116394,
  "critic/advantages/min": -0.49999961256980896,
  "critic/returns/mean": -0.011700802482664585,
  "critic/returns/max": 1.499998927116394,
  "critic/returns/min": -0.49999961256980896,
  "response_length/mean": 358.8828125,
  "response_length/max": 512.0,
  "response_length/min": 2.0,
  "response_length/clip_ratio": 0.625,
  "response_length_non_aborted/mean": 358.8828125,
  "response_length_non_aborted/max": 512.0,
  "response_length_non_aborted/min": 2.0,
  "response_length_non_aborted/clip_ratio": 0.625,
  "response/aborted_ratio": 0.0,
  "prompt_length/mean": 201.0,
  "prompt_length/max": 201.0,
  "prompt_length/min": 201.0,
  "prompt_length/clip_ratio": 0.0,
  "num_turns/min": 2,
  "num_turns/max": 2,
  "num_turns/mean": 2.0,
  "timing_s/start_profile": 7.061497308313847e-05,
  "timing_s/agent_loop/generate_sequences/min": 0.23417067201808095,
  "timing_s/agent_loop/generate_sequences/max": 59.60619716101792,
  "timing_s/agent_loop/generate_sequences/mean": 31.46946948905679,
  "timing_s/agent_loop/tool_calls/min": 0.0,
  "timing_s/agent_loop/tool_calls/max": 0.0,
  "timing_s/agent_loop/tool_calls/mean": 0.0,
  "timing_s/agent_loop/slowest/generate_sequences": 59.60619716101792,
  "timing_s/agent_loop/slowest/tool_calls": 0.0,
  "timing_s/agent_loop/slowest/prompt_length": 201,
  "timing_s/agent_loop/slowest/response_length": 512,
  "timing_s/gen": 73.60220949002542,
  "timing_s/reward": 0.03475735196843743,
  "timing_s/old_log_prob": 15.282828052993864,
  "timing_s/ref": 11.315304558956996,
  "timing_s/adv": 96.72822940791957,
  "timing_s/step": 196.9652874219464,
  "timing_s/save_checkpoint": 32.37338255497161,
  "timing_s/stop_profile": 0.0001594129716977477,
  "timing_per_token_ms/gen": 1.602242407863496,
  "timing_per_token_ms/adv": 1.3497276133108151,
  "timing_per_token_ms/ref": 0.15789164248876014,
  "perf/total_num_tokens": 71665,
  "perf/time_per_step": 196.9652874219464,
  "perf/throughput": 181.922918850357
}