{
  "actor/entropy": 6.585774898529053,
  "perf/mfu/actor_infer": 0,
  "training/rollout_probs_diff_valid": 1,
  "training/rollout_probs_diff_max": 0.12102603912353516,
  "training/rollout_probs_diff_mean": 0.0019540181383490562,
  "training/rollout_probs_diff_std": 0.0059027825482189655,
  "training/rollout_actor_probs_pearson_corr": 0.9997975826263428,
  "reward/overall": -0.779765625,
  "reward/format_score": -0.75,
  "reward/uncertainty_score": 0.1,
  "reward/repetition_penalty": 0.0078125,
  "reward/sc_score": 0.08437499999999999,
  "reward/avg_tool_calls": 0.00234375,
  "actor/reward_kl_penalty": 0.0,
  "actor/reward_kl_penalty_coeff": -5.097655355238398e-11,
  "rollout_corr/rollout_is_veto_fraction": 0.0,
  "rollout_corr/rollout_is_catastrophic_token_fraction": 0.0,
  "rollout_corr/training_ppl": 2501.051025390625,
  "rollout_corr/training_log_ppl": 5.860543727874756,
  "rollout_corr/kl": 0.001869045663625002,
  "rollout_corr/k3_kl": 0.0013271693605929613,
  "rollout_corr/rollout_ppl": 2491.3798828125,
  "rollout_corr/rollout_log_ppl": 5.857361316680908,
  "rollout_corr/log_ppl_diff": 0.003182109445333481,
  "rollout_corr/log_ppl_abs_diff": 0.0052924994379282,
  "rollout_corr/log_ppl_diff_max": 0.052796363830566406,
  "rollout_corr/log_ppl_diff_min": -0.027553558349609375,
  "rollout_corr/ppl_ratio": 1.0032373666763306,
  "rollout_corr/chi2_token": 0.0015680789947509766,
  "rollout_corr/chi2_seq": 0.5000073909759521,
  "training/global_step": 17,
  "training/epoch": 0,
  "critic/score/mean": -0.7797656655311584,
  "critic/score/max": 1.9375,
  "critic/score/min": -1.0,
  "critic/rewards/mean": -0.7797656655311584,
  "critic/rewards/max": 1.9375,
  "critic/rewards/min": -1.0,
  "critic/advantages/mean": -0.05418430268764496,
  "critic/advantages/max": 1.499998927116394,
  "critic/advantages/min": -0.8660246729850769,
  "critic/returns/mean": -0.05418430268764496,
  "critic/returns/max": 1.499998927116394,
  "critic/returns/min": -0.8660246729850769,
  "response_length/mean": 337.109375,
  "response_length/max": 512.0,
  "response_length/min": 2.0,
  "response_length/clip_ratio": 0.5,
  "response_length_non_aborted/mean": 337.109375,
  "response_length_non_aborted/max": 512.0,
  "response_length_non_aborted/min": 2.0,
  "response_length_non_aborted/clip_ratio": 0.5,
  "response/aborted_ratio": 0.0,
  "prompt_length/mean": 201.0,
  "prompt_length/max": 201.0,
  "prompt_length/min": 201.0,
  "prompt_length/clip_ratio": 0.0,
  "num_turns/min": 2,
  "num_turns/max": 2,
  "num_turns/mean": 2.0,
  "timing_s/start_profile": 5.051703192293644e-05,
  "timing_s/agent_loop/generate_sequences/min": 2.4753885238897055,
  "timing_s/agent_loop/generate_sequences/max": 53.08643312298227,
  "timing_s/agent_loop/generate_sequences/mean": 26.981808567298685,
  "timing_s/agent_loop/tool_calls/min": 0.0,
  "timing_s/agent_loop/tool_calls/max": 0.0,
  "timing_s/agent_loop/tool_calls/mean": 0.0,
  "timing_s/agent_loop/slowest/generate_sequences": 53.08643312298227,
  "timing_s/agent_loop/slowest/tool_calls": 0.0,
  "timing_s/agent_loop/slowest/prompt_length": 201,
  "timing_s/agent_loop/slowest/response_length": 512,
  "timing_s/gen": 66.79656820499804,
  "timing_s/reward": 0.0195327450055629,
  "timing_s/old_log_prob": 18.27656004705932,
  "timing_s/ref": 11.17642305395566,
  "timing_s/adv": 351.52384485001676,
  "timing_s/step": 447.795149284997,
  "timing_s/save_checkpoint": 26.33953327697236,
  "timing_s/stop_profile": 0.00014344800729304552,
  "timing_per_token_ms/gen": 1.5480085331401632,
  "timing_per_token_ms/adv": 5.10357218342601,
  "timing_per_token_ms/ref": 0.16226404735845493,
  "perf/total_num_tokens": 68878,
  "perf/time_per_step": 447.795149284997,
  "perf/throughput": 76.90793447626532
}