{
  "actor/entropy": 6.588754177093506,
  "perf/mfu/actor_infer": 0,
  "training/rollout_probs_diff_valid": 1,
  "training/rollout_probs_diff_max": 0.11419183015823364,
  "training/rollout_probs_diff_mean": 0.0019172538304701447,
  "training/rollout_probs_diff_std": 0.0058941892348229885,
  "training/rollout_actor_probs_pearson_corr": 0.9997996687889099,
  "reward/overall": -0.7987444196428573,
  "reward/format_score": -0.78125,
  "reward/uncertainty_score": 0.096875,
  "reward/repetition_penalty": 0.0078125,
  "reward/sc_score": 0.07578125,
  "reward/avg_tool_calls": 0.01171875,
  "actor/reward_kl_penalty": 0.0,
  "actor/reward_kl_penalty_coeff": 6.146560000000002e-05,
  "rollout_corr/rollout_is_veto_fraction": 0.0,
  "rollout_corr/rollout_is_catastrophic_token_fraction": 0.0,
  "rollout_corr/training_ppl": 1936.601318359375,
  "rollout_corr/training_log_ppl": 5.82540225982666,
  "rollout_corr/kl": 0.0011380353244021535,
  "rollout_corr/k3_kl": 0.0013037427561357617,
  "rollout_corr/rollout_ppl": 1934.515380859375,
  "rollout_corr/rollout_log_ppl": 5.824175834655762,
  "rollout_corr/log_ppl_diff": 0.0012265716213732958,
  "rollout_corr/log_ppl_abs_diff": 0.006893281824886799,
  "rollout_corr/log_ppl_diff_max": 0.10469865798950195,
  "rollout_corr/log_ppl_diff_min": -0.09143495559692383,
  "rollout_corr/ppl_ratio": 1.0013700723648071,
  "rollout_corr/chi2_token": 0.0029442310333251953,
  "rollout_corr/chi2_seq": 2.3927862644195557,
  "training/global_step": 6,
  "training/epoch": 0,
  "critic/score/mean": -0.7987444400787354,
  "critic/score/max": 1.9285714626312256,
  "critic/score/min": -1.0,
  "critic/rewards/mean": -0.7987444400787354,
  "critic/rewards/max": 1.9285714626312256,
  "critic/rewards/min": -1.0,
  "critic/advantages/mean": -0.03123961202800274,
  "critic/advantages/max": 1.499998927116394,
  "critic/advantages/min": -0.8660238981246948,
  "critic/returns/mean": -0.03123961202800274,
  "critic/returns/max": 1.499998927116394,
  "critic/returns/min": -0.8660238981246948,
  "response_length/mean": 318.7734375,
  "response_length/max": 512.0,
  "response_length/min": 2.0,
  "response_length/clip_ratio": 0.5,
  "response_length_non_aborted/mean": 318.7734375,
  "response_length_non_aborted/max": 512.0,
  "response_length_non_aborted/min": 2.0,
  "response_length_non_aborted/clip_ratio": 0.5,
  "response/aborted_ratio": 0.0,
  "prompt_length/mean": 201.0,
  "prompt_length/max": 201.0,
  "prompt_length/min": 201.0,
  "prompt_length/clip_ratio": 0.0,
  "num_turns/min": 2,
  "num_turns/max": 2,
  "num_turns/mean": 2.0,
  "timing_s/start_profile": 0.00012294005136936903,
  "timing_s/agent_loop/generate_sequences/min": 0.26717893593013287,
  "timing_s/agent_loop/generate_sequences/max": 45.05837762996089,
  "timing_s/agent_loop/generate_sequences/mean": 22.299551841638277,
  "timing_s/agent_loop/tool_calls/min": 0.0,
  "timing_s/agent_loop/tool_calls/max": 0.0,
  "timing_s/agent_loop/tool_calls/mean": 0.0,
  "timing_s/agent_loop/slowest/generate_sequences": 45.05837762996089,
  "timing_s/agent_loop/slowest/tool_calls": 0.0,
  "timing_s/agent_loop/slowest/prompt_length": 201,
  "timing_s/agent_loop/slowest/response_length": 512,
  "timing_s/gen": 51.361465772031806,
  "timing_s/reward": 0.0185071409214288,
  "timing_s/old_log_prob": 14.820628175977618,
  "timing_s/ref": 11.138906870037317,
  "timing_s/adv": 140.3874141050037,
  "timing_s/step": 217.72909164300654,
  "timing_s/save_checkpoint": 27.80835032602772,
  "timing_s/stop_profile": 0.00010201800614595413,
  "timing_per_token_ms/gen": 1.2587668988072398,
  "timing_per_token_ms/adv": 2.1101052758113314,
  "timing_per_token_ms/ref": 0.16742431152451215,
  "perf/total_num_tokens": 66531,
  "perf/time_per_step": 217.72909164300654,
  "perf/throughput": 152.78390108081126
}