{
  "actor/entropy": 0.11739634722471237,
  "perf/mfu/actor_infer": 0,
  "training/rollout_probs_diff_valid": 1,
  "training/rollout_probs_diff_max": 0.31004440784454346,
  "training/rollout_probs_diff_mean": 0.004490382503718138,
  "training/rollout_probs_diff_std": 0.015646496787667274,
  "training/rollout_actor_probs_pearson_corr": 0.9958817958831787,
  "reward/overall": 0.09153076171874999,
  "reward/format_score": 1.0,
  "reward/uncertainty_score": 0.109375,
  "reward/repetition_penalty": 0.1781005859375,
  "reward/sc_score": 0.93046875,
  "reward/avg_tool_calls": 0.00078125,
  "actor/reward_kl_penalty": 0.0008140627760440111,
  "actor/reward_kl_penalty_coeff": 0.009948865535999999,
  "rollout_corr/rollout_is_veto_fraction": 0.0,
  "rollout_corr/rollout_is_catastrophic_token_fraction": 0.0,
  "rollout_corr/training_ppl": 1.1232171058654785,
  "rollout_corr/training_log_ppl": 0.11474856734275818,
  "rollout_corr/kl": 0.0011518702376633883,
  "rollout_corr/k3_kl": 0.0008103222353383899,
  "rollout_corr/rollout_ppl": 1.1218332052230835,
  "rollout_corr/rollout_log_ppl": 0.11351048201322556,
  "rollout_corr/log_ppl_diff": 0.0012380883563309908,
  "rollout_corr/log_ppl_abs_diff": 0.0037427744828164577,
  "rollout_corr/log_ppl_diff_max": 0.014514945447444916,
  "rollout_corr/log_ppl_diff_min": -0.017169177532196045,
  "rollout_corr/ppl_ratio": 1.0012508630752563,
  "rollout_corr/chi2_token": 0.0009361505508422852,
  "rollout_corr/chi2_seq": 0.22202587127685547,
  "training/global_step": 3,
  "training/epoch": 0,
  "critic/score/mean": 0.09153076261281967,
  "critic/score/max": 1.1921875476837158,
  "critic/score/min": 0.0,
  "critic/rewards/mean": 0.09087171405553818,
  "critic/rewards/max": 1.191367745399475,
  "critic/rewards/min": -0.0027800993993878365,
  "critic/advantages/mean": 0.02368088811635971,
  "critic/advantages/max": 1.4999974966049194,
  "critic/advantages/min": -1.4987534284591675,
  "critic/returns/mean": 0.02368088811635971,
  "critic/returns/max": 1.4999974966049194,
  "critic/returns/min": -1.4987534284591675,
  "response_length/mean": 82.4765625,
  "response_length/max": 174.0,
  "response_length/min": 53.0,
  "response_length/clip_ratio": 0.0,
  "response_length_non_aborted/mean": 82.4765625,
  "response_length_non_aborted/max": 174.0,
  "response_length_non_aborted/min": 53.0,
  "response_length_non_aborted/clip_ratio": 0.0,
  "response/aborted_ratio": 0.0,
  "prompt_length/mean": 189.0,
  "prompt_length/max": 189.0,
  "prompt_length/min": 189.0,
  "prompt_length/clip_ratio": 0.0,
  "num_turns/min": 2,
  "num_turns/max": 2,
  "num_turns/mean": 2.0,
  "timing_s/start_profile": 6.7942775785923e-05,
  "timing_s/agent_loop/generate_sequences/min": 1.8559748362749815,
  "timing_s/agent_loop/generate_sequences/max": 4.0415112022310495,
  "timing_s/agent_loop/generate_sequences/mean": 2.6464429309562547,
  "timing_s/agent_loop/tool_calls/min": 0.0,
  "timing_s/agent_loop/tool_calls/max": 0.0,
  "timing_s/agent_loop/tool_calls/mean": 0.0,
  "timing_s/agent_loop/slowest/generate_sequences": 4.0415112022310495,
  "timing_s/agent_loop/slowest/tool_calls": 0.0,
  "timing_s/agent_loop/slowest/prompt_length": 189,
  "timing_s/agent_loop/slowest/response_length": 174,
  "timing_s/gen": 9.80732094310224,
  "timing_s/reward": 0.016005439683794975,
  "timing_s/old_log_prob": 7.979569326154888,
  "timing_s/ref": 3.378505378961563,
  "timing_s/adv": 231.70805397909135,
  "timing_s/step": 252.89046759717166,
  "timing_s/save_checkpoint": 12.632805708795786,
  "timing_s/stop_profile": 8.754432201385498e-05,
  "timing_per_token_ms/adv": 6.6680495547811836,
  "timing_per_token_ms/ref": 0.097225974242757,
  "timing_per_token_ms/gen": 0.9289874910582779,
  "perf/total_num_tokens": 34749,
  "perf/time_per_step": 252.89046759717166,
  "perf/throughput": 68.70365721999367
}