{
  "actor/entropy": 0.11828310787677765,
  "perf/mfu/actor_infer": 0,
  "training/rollout_probs_diff_valid": 1,
  "training/rollout_probs_diff_max": 0.28096824884414673,
  "training/rollout_probs_diff_mean": 0.004190600011497736,
  "training/rollout_probs_diff_std": 0.01506168581545353,
  "training/rollout_actor_probs_pearson_corr": 0.9960314631462097,
  "reward/overall": 0.08637695312499999,
  "reward/format_score": 1.0,
  "reward/uncertainty_score": 0.09374999999999999,
  "reward/repetition_penalty": 0.20068359375,
  "reward/sc_score": 0.9421875,
  "reward/avg_tool_calls": 0.00390625,
  "actor/reward_kl_penalty": 0.0008237473084591329,
  "actor/reward_kl_penalty_coeff": 0.009822170398983714,
  "rollout_corr/rollout_is_veto_fraction": 0.0,
  "rollout_corr/rollout_is_catastrophic_token_fraction": 0.0,
  "rollout_corr/training_ppl": 1.116825819015503,
  "rollout_corr/training_log_ppl": 0.10943326354026794,
  "rollout_corr/kl": 0.0002410899760434404,
  "rollout_corr/k3_kl": 0.000993880326859653,
  "rollout_corr/rollout_ppl": 1.1165087223052979,
  "rollout_corr/rollout_log_ppl": 0.10914503037929535,
  "rollout_corr/log_ppl_diff": 0.00028824532637372613,
  "rollout_corr/log_ppl_abs_diff": 0.0032803048379719257,
  "rollout_corr/log_ppl_diff_max": 0.011907890439033508,
  "rollout_corr/log_ppl_diff_min": -0.022846221923828125,
  "rollout_corr/ppl_ratio": 1.000299096107483,
  "rollout_corr/chi2_token": 0.004150748252868652,
  "rollout_corr/chi2_seq": 0.4708876609802246,
  "training/global_step": 8,
  "training/epoch": 0,
  "critic/score/mean": 0.08637695759534836,
  "critic/score/max": 1.1921875476837158,
  "critic/score/min": 0.0,
  "critic/rewards/mean": 0.08570578694343567,
  "critic/rewards/max": 1.1916742324829102,
  "critic/rewards/min": -0.003710371907800436,
  "critic/advantages/mean": 0.034832343459129333,
  "critic/advantages/max": 1.4999973773956299,
  "critic/advantages/min": -1.4953209161758423,
  "critic/returns/mean": 0.034832343459129333,
  "critic/returns/max": 1.4999973773956299,
  "critic/returns/min": -1.4953209161758423,
  "response_length/mean": 83.296875,
  "response_length/max": 142.0,
  "response_length/min": 53.0,
  "response_length/clip_ratio": 0.0,
  "response_length_non_aborted/mean": 83.296875,
  "response_length_non_aborted/max": 142.0,
  "response_length_non_aborted/min": 53.0,
  "response_length_non_aborted/clip_ratio": 0.0,
  "response/aborted_ratio": 0.0,
  "prompt_length/mean": 189.0,
  "prompt_length/max": 189.0,
  "prompt_length/min": 189.0,
  "prompt_length/clip_ratio": 0.0,
  "num_turns/min": 2,
  "num_turns/max": 2,
  "num_turns/mean": 2.0,
  "timing_s/start_profile": 5.2930787205696106e-05,
  "timing_s/agent_loop/generate_sequences/min": 1.8489704132080078,
  "timing_s/agent_loop/generate_sequences/max": 3.723255142569542,
  "timing_s/agent_loop/generate_sequences/mean": 2.7192728311783867,
  "timing_s/agent_loop/tool_calls/min": 0.0,
  "timing_s/agent_loop/tool_calls/max": 0.0,
  "timing_s/agent_loop/tool_calls/mean": 0.0,
  "timing_s/agent_loop/slowest/generate_sequences": 3.723255142569542,
  "timing_s/agent_loop/slowest/tool_calls": 0.0,
  "timing_s/agent_loop/slowest/prompt_length": 189,
  "timing_s/agent_loop/slowest/response_length": 142,
  "timing_s/gen": 9.021016828715801,
  "timing_s/reward": 0.007921824231743813,
  "timing_s/old_log_prob": 8.012774135917425,
  "timing_s/ref": 3.4582804311066866,
  "timing_s/adv": 313.94773445557803,
  "timing_s/step": 334.4494106108323,
  "timing_s/save_checkpoint": 10.379931261762977,
  "timing_s/stop_profile": 0.00015065167099237442,
  "timing_per_token_ms/adv": 9.00750945244672,
  "timing_per_token_ms/ref": 0.09922190942522197,
  "timing_per_token_ms/gen": 0.8460904922824799,
  "perf/total_num_tokens": 34854,
  "perf/time_per_step": 334.4494106108323,
  "perf/throughput": 52.10653524002822
}