{
  "actor/entropy": 0.12048287689685822,
  "perf/mfu/actor_infer": 0,
  "training/rollout_probs_diff_valid": 1,
  "training/rollout_probs_diff_max": 0.27730056643486023,
  "training/rollout_probs_diff_mean": 0.005707542411983013,
  "training/rollout_probs_diff_std": 0.018414948135614395,
  "training/rollout_actor_probs_pearson_corr": 0.9942959547042847,
  "reward/overall": 0.10836669921875,
  "reward/format_score": 1.0,
  "reward/uncertainty_score": 0.109375,
  "reward/repetition_penalty": 0.21435546875,
  "reward/sc_score": 0.94453125,
  "reward/avg_tool_calls": 0.00546875,
  "actor/reward_kl_penalty": 0.0007320308359339833,
  "actor/reward_kl_penalty_coeff": 0.009847379690992655,
  "rollout_corr/rollout_is_veto_fraction": 0.0,
  "rollout_corr/rollout_is_catastrophic_token_fraction": 0.0,
  "rollout_corr/training_ppl": 1.1245388984680176,
  "rollout_corr/training_log_ppl": 0.11568472534418106,
  "rollout_corr/kl": 0.001567971776239574,
  "rollout_corr/k3_kl": 0.0010052890283986926,
  "rollout_corr/rollout_ppl": 1.1226720809936523,
  "rollout_corr/rollout_log_ppl": 0.11400291323661804,
  "rollout_corr/log_ppl_diff": 0.0016818074509501457,
  "rollout_corr/log_ppl_abs_diff": 0.0042016999796032906,
  "rollout_corr/log_ppl_diff_max": 0.01388762891292572,
  "rollout_corr/log_ppl_diff_min": -0.011955022811889648,
  "rollout_corr/ppl_ratio": 1.0016950368881226,
  "rollout_corr/chi2_token": 0.0010460615158081055,
  "rollout_corr/chi2_seq": 0.03669166564941406,
  "training/global_step": 7,
  "training/epoch": 0,
  "critic/score/mean": 0.1083666980266571,
  "critic/score/max": 1.6271874904632568,
  "critic/score/min": 0.0,
  "critic/rewards/mean": 0.10779078304767609,
  "critic/rewards/max": 1.626451849937439,
  "critic/rewards/min": -0.003010035725310445,
  "critic/advantages/mean": 0.013310347683727741,
  "critic/advantages/max": 1.4999979734420776,
  "critic/advantages/min": -1.4932007789611816,
  "critic/returns/mean": 0.013310347683727741,
  "critic/returns/max": 1.4999979734420776,
  "critic/returns/min": -1.4932007789611816,
  "response_length/mean": 78.515625,
  "response_length/max": 164.0,
  "response_length/min": 53.0,
  "response_length/clip_ratio": 0.0,
  "response_length_non_aborted/mean": 78.515625,
  "response_length_non_aborted/max": 164.0,
  "response_length_non_aborted/min": 53.0,
  "response_length_non_aborted/clip_ratio": 0.0,
  "response/aborted_ratio": 0.0,
  "prompt_length/mean": 189.0,
  "prompt_length/max": 189.0,
  "prompt_length/min": 189.0,
  "prompt_length/clip_ratio": 0.0,
  "num_turns/min": 2,
  "num_turns/max": 2,
  "num_turns/mean": 2.0,
  "timing_s/start_profile": 4.032161086797714e-05,
  "timing_s/agent_loop/generate_sequences/min": 1.856933337636292,
  "timing_s/agent_loop/generate_sequences/max": 3.813882644288242,
  "timing_s/agent_loop/generate_sequences/mean": 2.5246273661832674,
  "timing_s/agent_loop/tool_calls/min": 0.0,
  "timing_s/agent_loop/tool_calls/max": 0.0,
  "timing_s/agent_loop/tool_calls/mean": 0.0,
  "timing_s/agent_loop/slowest/generate_sequences": 3.813882644288242,
  "timing_s/agent_loop/slowest/tool_calls": 0.0,
  "timing_s/agent_loop/slowest/prompt_length": 189,
  "timing_s/agent_loop/slowest/response_length": 164,
  "timing_s/gen": 8.857056954875588,
  "timing_s/reward": 0.01045326329767704,
  "timing_s/old_log_prob": 7.967514370568097,
  "timing_s/ref": 3.458258035592735,
  "timing_s/adv": 175.76848859991878,
  "timing_s/step": 196.06312110368162,
  "timing_s/save_checkpoint": 11.108314176090062,
  "timing_s/stop_profile": 0.0001790076494216919,
  "timing_per_token_ms/adv": 5.1331256527048295,
  "timing_per_token_ms/ref": 0.10099462752154474,
  "timing_per_token_ms/gen": 0.8812991994901083,
  "perf/total_num_tokens": 34242,
  "perf/time_per_step": 196.06312110368162,
  "perf/throughput": 87.3239184586178
}