{
  "actor/entropy": 0.11675240844488144,
  "perf/mfu/actor_infer": 0,
  "training/rollout_probs_diff_valid": 1,
  "training/rollout_probs_diff_max": 0.2772948145866394,
  "training/rollout_probs_diff_mean": 0.0045817396603524685,
  "training/rollout_probs_diff_std": 0.016863275319337845,
  "training/rollout_actor_probs_pearson_corr": 0.9951744675636292,
  "reward/overall": 0.0856689453125,
  "reward/format_score": 1.0,
  "reward/uncertainty_score": 0.0875,
  "reward/repetition_penalty": 0.22509765625,
  "reward/sc_score": 0.9453125,
  "reward/avg_tool_calls": 0.0,
  "actor/reward_kl_penalty": 0.0007129702717065811,
  "actor/reward_kl_penalty_coeff": 0.009797025642762316,
  "rollout_corr/rollout_is_veto_fraction": 0.0,
  "rollout_corr/rollout_is_catastrophic_token_fraction": 0.0,
  "rollout_corr/training_ppl": 1.117706537246704,
  "rollout_corr/training_log_ppl": 0.10989495366811752,
  "rollout_corr/kl": 0.0009236275218427181,
  "rollout_corr/k3_kl": 0.0009113354608416557,
  "rollout_corr/rollout_ppl": 1.1165887117385864,
  "rollout_corr/rollout_log_ppl": 0.10884865373373032,
  "rollout_corr/log_ppl_diff": 0.0010463010985404253,
  "rollout_corr/log_ppl_abs_diff": 0.0038429826963692904,
  "rollout_corr/log_ppl_diff_max": 0.01664257049560547,
  "rollout_corr/log_ppl_diff_min": -0.014413133263587952,
  "rollout_corr/ppl_ratio": 1.0010586977005005,
  "rollout_corr/chi2_token": 0.001902937889099121,
  "rollout_corr/chi2_seq": 0.20687246322631836,
  "training/global_step": 9,
  "training/epoch": 0,
  "critic/score/mean": 0.08566895127296448,
  "critic/score/max": 1.592187523841858,
  "critic/score/min": 0.0,
  "critic/rewards/mean": 0.08510678261518478,
  "critic/rewards/max": 1.590659499168396,
  "critic/rewards/min": -0.0044215028174221516,
  "critic/advantages/mean": -0.027352970093488693,
  "critic/advantages/max": 1.4999980926513672,
  "critic/advantages/min": -1.4914381504058838,
  "critic/returns/mean": -0.027352970093488693,
  "critic/returns/max": 1.4999980926513672,
  "critic/returns/min": -1.4914381504058838,
  "response_length/mean": 79.2265625,
  "response_length/max": 133.0,
  "response_length/min": 53.0,
  "response_length/clip_ratio": 0.0,
  "response_length_non_aborted/mean": 79.2265625,
  "response_length_non_aborted/max": 133.0,
  "response_length_non_aborted/min": 53.0,
  "response_length_non_aborted/clip_ratio": 0.0,
  "response/aborted_ratio": 0.0,
  "prompt_length/mean": 189.0,
  "prompt_length/max": 189.0,
  "prompt_length/min": 189.0,
  "prompt_length/clip_ratio": 0.0,
  "num_turns/min": 2,
  "num_turns/max": 2,
  "num_turns/mean": 2.0,
  "timing_s/start_profile": 0.00013026129454374313,
  "timing_s/agent_loop/generate_sequences/min": 1.8953663129359484,
  "timing_s/agent_loop/generate_sequences/max": 3.488868497312069,
  "timing_s/agent_loop/generate_sequences/mean": 2.5934729544314905,
  "timing_s/agent_loop/tool_calls/min": 0.0,
  "timing_s/agent_loop/tool_calls/max": 0.0,
  "timing_s/agent_loop/tool_calls/mean": 0.0,
  "timing_s/agent_loop/slowest/generate_sequences": 3.488868497312069,
  "timing_s/agent_loop/slowest/tool_calls": 0.0,
  "timing_s/agent_loop/slowest/prompt_length": 189,
  "timing_s/agent_loop/slowest/response_length": 133,
  "timing_s/gen": 8.95321617461741,
  "timing_s/reward": 0.00969230942428112,
  "timing_s/old_log_prob": 7.988633845001459,
  "timing_s/ref": 3.3483845638111234,
  "timing_s/adv": 174.64888977166265,
  "timing_s/step": 194.9500600444153,
  "timing_s/save_checkpoint": 10.001629057340324,
  "timing_s/stop_profile": 7.402990013360977e-05,
  "timing_per_token_ms/adv": 5.086910254614006,
  "timing_per_token_ms/ref": 0.09752671085576918,
  "timing_per_token_ms/gen": 0.8828731066578651,
  "perf/total_num_tokens": 34333,
  "perf/time_per_step": 194.9500600444153,
  "perf/throughput": 88.05588465112025
}