{
  "actor/entropy": 0.1169341579079628,
  "perf/mfu/actor_infer": 0,
  "training/rollout_probs_diff_valid": 1,
  "training/rollout_probs_diff_max": 0.24989193677902222,
  "training/rollout_probs_diff_mean": 0.004250420723110437,
  "training/rollout_probs_diff_std": 0.015026976354420185,
  "training/rollout_actor_probs_pearson_corr": 0.9962728023529053,
  "reward/overall": 0.16481201171874998,
  "reward/format_score": 1.0,
  "reward/uncertainty_score": 0.16875,
  "reward/repetition_penalty": 0.2279052734375,
  "reward/sc_score": 0.915625,
  "reward/avg_tool_calls": 0.00546875,
  "actor/reward_kl_penalty": 0.0009011146612465382,
  "actor/reward_kl_penalty_coeff": 0.00992339644022784,
  "rollout_corr/rollout_is_veto_fraction": 0.0,
  "rollout_corr/rollout_is_catastrophic_token_fraction": 0.0,
  "rollout_corr/training_ppl": 1.1239039897918701,
  "rollout_corr/training_log_ppl": 0.11523865908384323,
  "rollout_corr/kl": 0.0007054650923237205,
  "rollout_corr/k3_kl": 0.0010100480867549777,
  "rollout_corr/rollout_ppl": 1.1229888200759888,
  "rollout_corr/rollout_log_ppl": 0.11444789171218872,
  "rollout_corr/log_ppl_diff": 0.0007907634135335684,
  "rollout_corr/log_ppl_abs_diff": 0.003770297160372138,
  "rollout_corr/log_ppl_diff_max": 0.012212604284286499,
  "rollout_corr/log_ppl_diff_min": -0.020330235362052917,
  "rollout_corr/ppl_ratio": 1.0008039474487305,
  "rollout_corr/chi2_token": 0.0033233165740966797,
  "rollout_corr/chi2_seq": 0.35731756687164307,
  "training/global_step": 4,
  "training/epoch": 0,
  "critic/score/mean": 0.16481201350688934,
  "critic/score/max": 2.0271875858306885,
  "critic/score/min": 0.0,
  "critic/rewards/mean": 0.16408836841583252,
  "critic/rewards/max": 2.026710271835327,
  "critic/rewards/min": -0.0030332717578858137,
  "critic/advantages/mean": 0.03922037407755852,
  "critic/advantages/max": 1.4999984502792358,
  "critic/advantages/min": -1.4813505411148071,
  "critic/returns/mean": 0.03922037407755852,
  "critic/returns/max": 1.4999984502792358,
  "critic/returns/min": -1.4813505411148071,
  "response_length/mean": 79.4765625,
  "response_length/max": 139.0,
  "response_length/min": 53.0,
  "response_length/clip_ratio": 0.0,
  "response_length_non_aborted/mean": 79.4765625,
  "response_length_non_aborted/max": 139.0,
  "response_length_non_aborted/min": 53.0,
  "response_length_non_aborted/clip_ratio": 0.0,
  "response/aborted_ratio": 0.0,
  "prompt_length/mean": 189.0,
  "prompt_length/max": 189.0,
  "prompt_length/min": 189.0,
  "prompt_length/clip_ratio": 0.0,
  "num_turns/min": 2,
  "num_turns/max": 2,
  "num_turns/mean": 2.0,
  "timing_s/start_profile": 5.90737909078598e-05,
  "timing_s/agent_loop/generate_sequences/min": 2.235020291991532,
  "timing_s/agent_loop/generate_sequences/max": 4.196851976215839,
  "timing_s/agent_loop/generate_sequences/mean": 3.1777607978801825,
  "timing_s/agent_loop/tool_calls/min": 0.0,
  "timing_s/agent_loop/tool_calls/max": 0.0,
  "timing_s/agent_loop/tool_calls/mean": 0.0,
  "timing_s/agent_loop/slowest/generate_sequences": 4.196851976215839,
  "timing_s/agent_loop/slowest/tool_calls": 0.0,
  "timing_s/agent_loop/slowest/prompt_length": 189,
  "timing_s/agent_loop/slowest/response_length": 139,
  "timing_s/gen": 11.669302396476269,
  "timing_s/reward": 0.01037665642797947,
  "timing_s/old_log_prob": 8.113840212114155,
  "timing_s/ref": 3.4512143470346928,
  "timing_s/adv": 234.3825910538435,
  "timing_s/step": 257.62833510991186,
  "timing_s/save_checkpoint": 10.235047474503517,
  "timing_s/stop_profile": 6.657280027866364e-05,
  "timing_per_token_ms/adv": 6.820386761351477,
  "timing_per_token_ms/ref": 0.10042817829287626,
  "timing_per_token_ms/gen": 1.1470856577682365,
  "perf/total_num_tokens": 34365,
  "perf/time_per_step": 257.62833510991186,
  "perf/throughput": 66.69491534255903
}