{
  "actor/entropy": 0.1274062842130661,
  "perf/mfu/actor_infer": 0,
  "training/rollout_probs_diff_valid": 1,
  "training/rollout_probs_diff_max": 0.2780405282974243,
  "training/rollout_probs_diff_mean": 0.004448057152330875,
  "training/rollout_probs_diff_std": 0.01599789224565029,
  "training/rollout_actor_probs_pearson_corr": 0.9962635040283203,
  "reward/overall": 0.17318115234375,
  "reward/format_score": 1.0,
  "reward/uncertainty_score": 0.178125,
  "reward/repetition_penalty": 0.146728515625,
  "reward/sc_score": 0.91796875,
  "reward/avg_tool_calls": 0.0,
  "actor/reward_kl_penalty": 0.0009764857240952551,
  "actor/reward_kl_penalty_coeff": 0.009872653684424783,
  "rollout_corr/rollout_is_veto_fraction": 0.0,
  "rollout_corr/rollout_is_catastrophic_token_fraction": 0.0,
  "rollout_corr/training_ppl": 1.139508843421936,
  "rollout_corr/training_log_ppl": 0.128870889544487,
  "rollout_corr/kl": 0.0012371822958812118,
  "rollout_corr/k3_kl": 0.000869210809469223,
  "rollout_corr/rollout_ppl": 1.138156533241272,
  "rollout_corr/rollout_log_ppl": 0.12769411504268646,
  "rollout_corr/log_ppl_diff": 0.0011767841642722487,
  "rollout_corr/log_ppl_abs_diff": 0.0034828223288059235,
  "rollout_corr/log_ppl_diff_max": 0.01332421600818634,
  "rollout_corr/log_ppl_diff_min": -0.01415136456489563,
  "rollout_corr/ppl_ratio": 1.0011866092681885,
  "rollout_corr/chi2_token": 0.0010815858840942383,
  "rollout_corr/chi2_seq": 0.022478103637695312,
  "training/global_step": 6,
  "training/epoch": 0,
  "critic/score/mean": 0.1731811761856079,
  "critic/score/max": 1.9921875,
  "critic/score/min": 0.0,
  "critic/rewards/mean": 0.17236021161079407,
  "critic/rewards/max": 1.9917782545089722,
  "critic/rewards/min": -0.002539933891966939,
  "critic/advantages/mean": 0.030016638338565826,
  "critic/advantages/max": 1.4999983310699463,
  "critic/advantages/min": -1.4789236783981323,
  "critic/returns/mean": 0.030016638338565826,
  "critic/returns/max": 1.4999983310699463,
  "critic/returns/min": -1.4789236783981323,
  "response_length/mean": 83.96875,
  "response_length/max": 145.0,
  "response_length/min": 56.0,
  "response_length/clip_ratio": 0.0,
  "response_length_non_aborted/mean": 83.96875,
  "response_length_non_aborted/max": 145.0,
  "response_length_non_aborted/min": 56.0,
  "response_length_non_aborted/clip_ratio": 0.0,
  "response/aborted_ratio": 0.0,
  "prompt_length/mean": 189.0,
  "prompt_length/max": 189.0,
  "prompt_length/min": 189.0,
  "prompt_length/clip_ratio": 0.0,
  "num_turns/min": 2,
  "num_turns/max": 2,
  "num_turns/mean": 2.0,
  "timing_s/start_profile": 0.00012114830315113068,
  "timing_s/agent_loop/generate_sequences/min": 2.3424280816689134,
  "timing_s/agent_loop/generate_sequences/max": 4.147874446585774,
  "timing_s/agent_loop/generate_sequences/mean": 3.1204828028858174,
  "timing_s/agent_loop/tool_calls/min": 0.0,
  "timing_s/agent_loop/tool_calls/max": 0.0,
  "timing_s/agent_loop/tool_calls/mean": 0.0,
  "timing_s/agent_loop/slowest/generate_sequences": 4.147874446585774,
  "timing_s/agent_loop/slowest/tool_calls": 0.0,
  "timing_s/agent_loop/slowest/prompt_length": 189,
  "timing_s/agent_loop/slowest/response_length": 144,
  "timing_s/gen": 9.020806816406548,
  "timing_s/reward": 0.033730097115039825,
  "timing_s/old_log_prob": 7.951523622497916,
  "timing_s/ref": 3.3668634314090014,
  "timing_s/adv": 508.41995440330356,
  "timing_s/step": 528.7946906350553,
  "timing_s/save_checkpoint": 10.002772709354758,
  "timing_s/stop_profile": 9.90135595202446e-05,
  "timing_per_token_ms/adv": 14.551229376167818,
  "timing_per_token_ms/ref": 0.09636128882109334,
  "timing_per_token_ms/gen": 0.8393009691483576,
  "perf/total_num_tokens": 34940,
  "perf/time_per_step": 528.7946906350553,
  "perf/throughput": 33.03739676171753
}