{
  "actor/entropy": 0.11686909198760986,
  "perf/mfu/actor_infer": 0,
  "training/rollout_probs_diff_valid": 1,
  "training/rollout_probs_diff_max": 0.24988704919815063,
  "training/rollout_probs_diff_mean": 0.004005656111985445,
  "training/rollout_probs_diff_std": 0.014470276422798634,
  "training/rollout_actor_probs_pearson_corr": 0.9964050054550171,
  "reward/overall": 0.043212890625,
  "reward/format_score": 1.0,
  "reward/uncertainty_score": 0.046875,
  "reward/repetition_penalty": 0.2318115234375,
  "reward/sc_score": 0.98203125,
  "reward/avg_tool_calls": 0.0,
  "actor/reward_kl_penalty": 0.0006224229000508785,
  "actor/reward_kl_penalty_coeff": 0.01,
  "rollout_corr/rollout_is_veto_fraction": 0.0,
  "rollout_corr/rollout_is_catastrophic_token_fraction": 0.0,
  "rollout_corr/training_ppl": 1.1201997995376587,
  "rollout_corr/training_log_ppl": 0.11191128939390182,
  "rollout_corr/kl": 0.0011422917013987899,
  "rollout_corr/k3_kl": 0.0006838148692622781,
  "rollout_corr/rollout_ppl": 1.1188024282455444,
  "rollout_corr/rollout_log_ppl": 0.1106288954615593,
  "rollout_corr/log_ppl_diff": 0.0012823949800804257,
  "rollout_corr/log_ppl_abs_diff": 0.002944761188700795,
  "rollout_corr/log_ppl_diff_max": 0.014799624681472778,
  "rollout_corr/log_ppl_diff_min": -0.011371225118637085,
  "rollout_corr/ppl_ratio": 1.001290202140808,
  "rollout_corr/chi2_token": 0.00043451786041259766,
  "rollout_corr/chi2_seq": -0.013811647891998291,
  "training/global_step": 12,
  "training/epoch": 0,
  "critic/score/mean": 0.043212890625,
  "critic/score/max": 1.1843750476837158,
  "critic/score/min": 0.0,
  "critic/rewards/mean": 0.04271097481250763,
  "critic/rewards/max": 1.1836928129196167,
  "critic/rewards/min": -0.003252619644626975,
  "critic/advantages/mean": -0.036718983203172684,
  "critic/advantages/max": 1.4999971389770508,
  "critic/advantages/min": -1.494419813156128,
  "critic/returns/mean": -0.036718983203172684,
  "critic/returns/max": 1.4999971389770508,
  "critic/returns/min": -1.494419813156128,
  "response_length/mean": 77.2421875,
  "response_length/max": 139.0,
  "response_length/min": 56.0,
  "response_length/clip_ratio": 0.0,
  "response_length_non_aborted/mean": 77.2421875,
  "response_length_non_aborted/max": 139.0,
  "response_length_non_aborted/min": 56.0,
  "response_length_non_aborted/clip_ratio": 0.0,
  "response/aborted_ratio": 0.0,
  "prompt_length/mean": 189.0,
  "prompt_length/max": 189.0,
  "prompt_length/min": 189.0,
  "prompt_length/clip_ratio": 0.0,
  "num_turns/min": 2,
  "num_turns/max": 2,
  "num_turns/mean": 2.0,
  "timing_s/start_profile": 0.0006581908091902733,
  "timing_s/agent_loop/generate_sequences/min": 14.17232262622565,
  "timing_s/agent_loop/generate_sequences/max": 16.392094215378165,
  "timing_s/agent_loop/generate_sequences/mean": 15.13996879109618,
  "timing_s/agent_loop/tool_calls/min": 0.0,
  "timing_s/agent_loop/tool_calls/max": 0.0,
  "timing_s/agent_loop/tool_calls/mean": 0.0,
  "timing_s/agent_loop/slowest/generate_sequences": 16.392094215378165,
  "timing_s/agent_loop/slowest/tool_calls": 0.0,
  "timing_s/agent_loop/slowest/prompt_length": 189,
  "timing_s/agent_loop/slowest/response_length": 120,
  "timing_s/gen": 25.5129679068923,
  "timing_s/reward": 0.021726306527853012,
  "timing_s/old_log_prob": 8.846994723193347,
  "timing_s/ref": 14.516843758523464,
  "timing_s/adv": 226.02111591305584,
  "timing_s/step": 274.92104095220566,
  "timing_s/save_checkpoint": 11.026659853756428,
  "timing_s/stop_profile": 0.00012925080955028534,
  "timing_per_token_ms/adv": 6.632269606298771,
  "timing_per_token_ms/gen": 2.58045594284336,
  "timing_per_token_ms/ref": 0.4259762246111524,
  "perf/total_num_tokens": 34079,
  "perf/time_per_step": 274.92104095220566,
  "perf/throughput": 61.979614004743546
}