{
  "actor/entropy": 0.11761845648288727,
  "perf/mfu/actor_infer": 0,
  "training/rollout_probs_diff_valid": 1,
  "training/rollout_probs_diff_max": 0.23105782270431519,
  "training/rollout_probs_diff_mean": 0.0044394079595804214,
  "training/rollout_probs_diff_std": 0.015272620134055614,
  "training/rollout_actor_probs_pearson_corr": 0.9962601065635681,
  "reward/overall": 0.064931640625,
  "reward/format_score": 1.0,
  "reward/uncertainty_score": 0.065625,
  "reward/repetition_penalty": 0.1785888671875,
  "reward/sc_score": 0.96953125,
  "reward/avg_tool_calls": 0.00078125,
  "actor/reward_kl_penalty": 0.0007869487162679434,
  "actor/reward_kl_penalty_coeff": 0.009771945257116844,
  "rollout_corr/rollout_is_veto_fraction": 0.0,
  "rollout_corr/rollout_is_catastrophic_token_fraction": 0.0,
  "rollout_corr/training_ppl": 1.1280789375305176,
  "rollout_corr/training_log_ppl": 0.11892259865999222,
  "rollout_corr/kl": 0.00033561629243195057,
  "rollout_corr/k3_kl": 0.0009450927609577775,
  "rollout_corr/rollout_ppl": 1.1274724006652832,
  "rollout_corr/rollout_log_ppl": 0.11832115054130554,
  "rollout_corr/log_ppl_diff": 0.0006014581304043531,
  "rollout_corr/log_ppl_abs_diff": 0.0034827126655727625,
  "rollout_corr/log_ppl_diff_max": 0.011468172073364258,
  "rollout_corr/log_ppl_diff_min": -0.014384299516677856,
  "rollout_corr/ppl_ratio": 1.000611662864685,
  "rollout_corr/chi2_token": 0.003403782844543457,
  "rollout_corr/chi2_seq": 0.3639190196990967,
  "training/global_step": 10,
  "training/epoch": 0,
  "critic/score/mean": 0.06493164598941803,
  "critic/score/max": 1.1971875429153442,
  "critic/score/min": 0.0,
  "critic/rewards/mean": 0.0643056333065033,
  "critic/rewards/max": 1.1956870555877686,
  "critic/rewards/min": -0.004027637653052807,
  "critic/advantages/mean": -0.0035816598683595657,
  "critic/advantages/max": 1.4999974966049194,
  "critic/advantages/min": -1.4967327117919922,
  "critic/returns/mean": -0.0035816598683595657,
  "critic/returns/max": 1.4999974966049194,
  "critic/returns/min": -1.4967327117919922,
  "response_length/mean": 79.140625,
  "response_length/max": 130.0,
  "response_length/min": 53.0,
  "response_length/clip_ratio": 0.0,
  "response_length_non_aborted/mean": 79.140625,
  "response_length_non_aborted/max": 130.0,
  "response_length_non_aborted/min": 53.0,
  "response_length_non_aborted/clip_ratio": 0.0,
  "response/aborted_ratio": 0.0,
  "prompt_length/mean": 189.0,
  "prompt_length/max": 189.0,
  "prompt_length/min": 189.0,
  "prompt_length/clip_ratio": 0.0,
  "num_turns/min": 2,
  "num_turns/max": 2,
  "num_turns/mean": 2.0,
  "timing_s/start_profile": 0.00011743977665901184,
  "timing_s/agent_loop/generate_sequences/min": 1.9312806613743305,
  "timing_s/agent_loop/generate_sequences/max": 3.570566387847066,
  "timing_s/agent_loop/generate_sequences/mean": 2.703380066799582,
  "timing_s/agent_loop/tool_calls/min": 0.0,
  "timing_s/agent_loop/tool_calls/max": 0.0,
  "timing_s/agent_loop/tool_calls/mean": 0.0,
  "timing_s/agent_loop/slowest/generate_sequences": 3.570566387847066,
  "timing_s/agent_loop/slowest/tool_calls": 0.0,
  "timing_s/agent_loop/slowest/prompt_length": 189,
  "timing_s/agent_loop/slowest/response_length": 130,
  "timing_s/gen": 8.555879252962768,
  "timing_s/reward": 0.01523748692125082,
  "timing_s/old_log_prob": 7.978819725103676,
  "timing_s/ref": 3.3848083559423685,
  "timing_s/adv": 456.78874511271715,
  "timing_s/step": 476.7251847758889,
  "timing_s/save_checkpoint": 10.091442346572876,
  "timing_s/stop_profile": 0.00010856706649065018,
  "timing_per_token_ms/adv": 13.30891979234069,
  "timing_per_token_ms/ref": 0.09861920505630116,
  "timing_per_token_ms/gen": 0.844608021022978,
  "perf/total_num_tokens": 34322,
  "perf/time_per_step": 476.7251847758889,
  "perf/throughput": 35.99767863757288
}