{
  "actor/entropy": 0.11686909198760986,
  "perf/mfu/actor_infer": 0,
  "training/rollout_probs_diff_valid": 1,
  "training/rollout_probs_diff_max": 0.24988704919815063,
  "training/rollout_probs_diff_mean": 0.004005655646324158,
  "training/rollout_probs_diff_std": 0.014470276422798634,
  "training/rollout_actor_probs_pearson_corr": 0.996404767036438,
  "reward/overall": 0.4884814453125,
  "reward/format_score": 1.0,
  "reward/uncertainty_score": 0.553125,
  "reward/repetition_penalty": 0.219970703125,
  "reward/sc_score": 0.79453125,
  "reward/avg_tool_calls": 0.01328125,
  "actor/reward_kl_penalty": 0.0007150314631871879,
  "actor/reward_kl_penalty_coeff": 0.01,
  "rollout_corr/rollout_is_veto_fraction": 0.0,
  "rollout_corr/rollout_is_catastrophic_token_fraction": 0.0,
  "rollout_corr/training_ppl": 1.1201997995376587,
  "rollout_corr/training_log_ppl": 0.11191129684448242,
  "rollout_corr/kl": 0.0011422917013987899,
  "rollout_corr/k3_kl": 0.0006838148692622781,
  "rollout_corr/rollout_ppl": 1.1188024282455444,
  "rollout_corr/rollout_log_ppl": 0.11062890291213989,
  "rollout_corr/log_ppl_diff": 0.001282394863665104,
  "rollout_corr/log_ppl_abs_diff": 0.0029447609558701515,
  "rollout_corr/log_ppl_diff_max": 0.014799624681472778,
  "rollout_corr/log_ppl_diff_min": -0.011371225118637085,
  "rollout_corr/ppl_ratio": 1.0012900829315186,
  "rollout_corr/chi2_token": 0.00043451786041259766,
  "rollout_corr/chi2_seq": -0.013811588287353516,
  "training/global_step": 1,
  "training/epoch": 0,
  "critic/score/mean": 0.48848146200180054,
  "critic/score/max": 1.984375,
  "critic/score/min": 0.0,
  "critic/rewards/mean": 0.48791950941085815,
  "critic/rewards/max": 1.9838777780532837,
  "critic/rewards/min": -0.002957681193947792,
  "critic/advantages/mean": 0.06773146986961365,
  "critic/advantages/max": 1.4999980926513672,
  "critic/advantages/min": -1.4754903316497803,
  "critic/returns/mean": 0.06773146986961365,
  "critic/returns/max": 1.4999980926513672,
  "critic/returns/min": -1.4754903316497803,
  "response_length/mean": 77.2421875,
  "response_length/max": 139.0,
  "response_length/min": 56.0,
  "response_length/clip_ratio": 0.0,
  "response_length_non_aborted/mean": 77.2421875,
  "response_length_non_aborted/max": 139.0,
  "response_length_non_aborted/min": 56.0,
  "response_length_non_aborted/clip_ratio": 0.0,
  "response/aborted_ratio": 0.0,
  "prompt_length/mean": 189.0,
  "prompt_length/max": 189.0,
  "prompt_length/min": 189.0,
  "prompt_length/clip_ratio": 0.0,
  "num_turns/min": 2,
  "num_turns/max": 2,
  "num_turns/mean": 2.0,
  "timing_s/start_profile": 0.0003453381359577179,
  "timing_s/agent_loop/generate_sequences/min": 7.0543830674141645,
  "timing_s/agent_loop/generate_sequences/max": 9.586616869084537,
  "timing_s/agent_loop/generate_sequences/mean": 8.17892024230241,
  "timing_s/agent_loop/tool_calls/min": 0.0,
  "timing_s/agent_loop/tool_calls/max": 0.0,
  "timing_s/agent_loop/tool_calls/mean": 0.0,
  "timing_s/agent_loop/slowest/generate_sequences": 9.586616869084537,
  "timing_s/agent_loop/slowest/tool_calls": 0.0,
  "timing_s/agent_loop/slowest/prompt_length": 189,
  "timing_s/agent_loop/slowest/response_length": 120,
  "timing_s/gen": 30.435570321045816,
  "timing_s/reward": 0.03590711485594511,
  "timing_s/old_log_prob": 8.32864591293037,
  "timing_s/ref": 12.542083160020411,
  "timing_s/adv": 1302.1781735941768,
  "timing_s/step": 1353.522256991826,
  "timing_s/save_checkpoint": 11.994799280539155,
  "timing_s/stop_profile": 0.0001636222004890442,
  "timing_per_token_ms/adv": 38.210574652841245,
  "timing_per_token_ms/ref": 0.368029671059022,
  "timing_per_token_ms/gen": 3.0783423000956627,
  "perf/total_num_tokens": 34079,
  "perf/time_per_step": 1353.522256991826,
  "perf/throughput": 12.589006137121025
}