{
  "actor/entropy": 0.12631303071975708,
  "perf/mfu/actor_infer": 0,
  "training/rollout_probs_diff_valid": 1,
  "training/rollout_probs_diff_max": 0.226884126663208,
  "training/rollout_probs_diff_mean": 0.0050867157988250256,
  "training/rollout_probs_diff_std": 0.017076941207051277,
  "training/rollout_actor_probs_pearson_corr": 0.9953198432922363,
  "reward/overall": 0.15288330078125,
  "reward/format_score": 1.0,
  "reward/uncertainty_score": 0.159375,
  "reward/repetition_penalty": 0.2430419921875,
  "reward/sc_score": 0.91171875,
  "reward/avg_tool_calls": 0.00078125,
  "actor/reward_kl_penalty": 0.0008465312421321869,
  "actor/reward_kl_penalty_coeff": 0.0099744,
  "rollout_corr/rollout_is_veto_fraction": 0.0,
  "rollout_corr/rollout_is_catastrophic_token_fraction": 0.0,
  "rollout_corr/training_ppl": 1.1236077547073364,
  "rollout_corr/training_log_ppl": 0.1151522696018219,
  "rollout_corr/kl": 0.0010899144690483809,
  "rollout_corr/k3_kl": 0.0010221833363175392,
  "rollout_corr/rollout_ppl": 1.12253737449646,
  "rollout_corr/rollout_log_ppl": 0.1141640692949295,
  "rollout_corr/log_ppl_diff": 0.0009881907608360052,
  "rollout_corr/log_ppl_abs_diff": 0.004113320726901293,
  "rollout_corr/log_ppl_diff_max": 0.015247434377670288,
  "rollout_corr/log_ppl_diff_min": -0.020144224166870117,
  "rollout_corr/ppl_ratio": 1.0010024309158325,
  "rollout_corr/chi2_token": 0.0021109580993652344,
  "rollout_corr/chi2_seq": 0.28302955627441406,
  "training/global_step": 2,
  "training/epoch": 0,
  "critic/score/mean": 0.15288332104682922,
  "critic/score/max": 1.9921875,
  "critic/score/min": 0.0,
  "critic/rewards/mean": 0.15218931436538696,
  "critic/rewards/max": 1.9915552139282227,
  "critic/rewards/min": -0.004708547610789537,
  "critic/advantages/mean": 0.0762544646859169,
  "critic/advantages/max": 1.499997854232788,
  "critic/advantages/min": -1.4788514375686646,
  "critic/returns/mean": 0.0762544646859169,
  "critic/returns/max": 1.499997854232788,
  "critic/returns/min": -1.4788514375686646,
  "response_length/mean": 81.265625,
  "response_length/max": 248.0,
  "response_length/min": 53.0,
  "response_length/clip_ratio": 0.0,
  "response_length_non_aborted/mean": 81.265625,
  "response_length_non_aborted/max": 248.0,
  "response_length_non_aborted/min": 53.0,
  "response_length_non_aborted/clip_ratio": 0.0,
  "response/aborted_ratio": 0.0,
  "prompt_length/mean": 189.0,
  "prompt_length/max": 189.0,
  "prompt_length/min": 189.0,
  "prompt_length/clip_ratio": 0.0,
  "num_turns/min": 2,
  "num_turns/max": 2,
  "num_turns/mean": 2.0,
  "timing_s/start_profile": 7.23050907254219e-05,
  "timing_s/agent_loop/generate_sequences/min": 2.064171022735536,
  "timing_s/agent_loop/generate_sequences/max": 5.408137585967779,
  "timing_s/agent_loop/generate_sequences/mean": 2.8726787871928536,
  "timing_s/agent_loop/tool_calls/min": 0.0,
  "timing_s/agent_loop/tool_calls/max": 0.0,
  "timing_s/agent_loop/tool_calls/mean": 0.0,
  "timing_s/agent_loop/slowest/generate_sequences": 5.408137585967779,
  "timing_s/agent_loop/slowest/tool_calls": 0.0,
  "timing_s/agent_loop/slowest/prompt_length": 189,
  "timing_s/agent_loop/slowest/response_length": 248,
  "timing_s/gen": 10.70142187178135,
  "timing_s/reward": 0.042433541268110275,
  "timing_s/old_log_prob": 8.067500694654882,
  "timing_s/ref": 3.332431247457862,
  "timing_s/adv": 181.12940024398267,
  "timing_s/step": 203.27488863561302,
  "timing_s/save_checkpoint": 11.402177138254046,
  "timing_s/stop_profile": 7.990561425685883e-05,
  "timing_per_token_ms/adv": 5.235861717175888,
  "timing_per_token_ms/ref": 0.09632974641434532,
  "timing_per_token_ms/gen": 1.0287850290118583,
  "perf/total_num_tokens": 34594,
  "perf/time_per_step": 203.27488863561302,
  "perf/throughput": 85.09167126396166
}