{
  "actor/entropy": 0.11881138384342194,
  "perf/mfu/actor_infer": 0,
  "training/rollout_probs_diff_valid": 1,
  "training/rollout_probs_diff_max": 0.3992343246936798,
  "training/rollout_probs_diff_mean": 0.004251954145729542,
  "training/rollout_probs_diff_std": 0.01560476515442133,
  "training/rollout_actor_probs_pearson_corr": 0.9961413145065308,
  "reward/overall": 0.07487060546875,
  "reward/format_score": 1.0,
  "reward/uncertainty_score": 0.07500000000000001,
  "reward/repetition_penalty": 0.1658935546875,
  "reward/sc_score": 0.9546875,
  "reward/avg_tool_calls": 0.013281250000000001,
  "actor/reward_kl_penalty": 0.0009298308286815882,
  "actor/reward_kl_penalty_coeff": 0.009746929077258625,
  "rollout_corr/rollout_is_veto_fraction": 0.0,
  "rollout_corr/rollout_is_catastrophic_token_fraction": 0.0,
  "rollout_corr/training_ppl": 1.1322197914123535,
  "rollout_corr/training_log_ppl": 0.1226293295621872,
  "rollout_corr/kl": 0.0007937201880849898,
  "rollout_corr/k3_kl": 0.0008708104724064469,
  "rollout_corr/rollout_ppl": 1.1312392950057983,
  "rollout_corr/rollout_log_ppl": 0.12177495658397675,
  "rollout_corr/log_ppl_diff": 0.0008543799049220979,
  "rollout_corr/log_ppl_abs_diff": 0.0036363007966428995,
  "rollout_corr/log_ppl_diff_max": 0.014064595103263855,
  "rollout_corr/log_ppl_diff_min": -0.020994246006011963,
  "rollout_corr/ppl_ratio": 1.0008662939071655,
  "rollout_corr/chi2_token": 0.002039194107055664,
  "rollout_corr/chi2_seq": 0.21413707733154297,
  "training/global_step": 11,
  "training/epoch": 0,
  "critic/score/mean": 0.07487060129642487,
  "critic/score/max": 1.592187523841858,
  "critic/score/min": 0.0,
  "critic/rewards/mean": 0.07413366436958313,
  "critic/rewards/max": 1.5875917673110962,
  "critic/rewards/min": -0.0033732419833540916,
  "critic/advantages/mean": -0.011662394739687443,
  "critic/advantages/max": 1.4999974966049194,
  "critic/advantages/min": -1.482494831085205,
  "critic/returns/mean": -0.011662394739687443,
  "critic/returns/max": 1.4999974966049194,
  "critic/returns/min": -1.482494831085205,
  "response_length/mean": 80.7421875,
  "response_length/max": 160.0,
  "response_length/min": 53.0,
  "response_length/clip_ratio": 0.0,
  "response_length_non_aborted/mean": 80.7421875,
  "response_length_non_aborted/max": 160.0,
  "response_length_non_aborted/min": 53.0,
  "response_length_non_aborted/clip_ratio": 0.0,
  "response/aborted_ratio": 0.0,
  "prompt_length/mean": 189.0,
  "prompt_length/max": 189.0,
  "prompt_length/min": 189.0,
  "prompt_length/clip_ratio": 0.0,
  "num_turns/min": 2,
  "num_turns/max": 2,
  "num_turns/mean": 2.0,
  "timing_s/start_profile": 9.356718510389328e-05,
  "timing_s/agent_loop/generate_sequences/min": 1.9329318404197693,
  "timing_s/agent_loop/generate_sequences/max": 3.907998681999743,
  "timing_s/agent_loop/generate_sequences/mean": 2.680280332104303,
  "timing_s/agent_loop/tool_calls/min": 0.0,
  "timing_s/agent_loop/tool_calls/max": 0.0,
  "timing_s/agent_loop/tool_calls/mean": 0.0,
  "timing_s/agent_loop/slowest/generate_sequences": 3.907998681999743,
  "timing_s/agent_loop/slowest/tool_calls": 0.0,
  "timing_s/agent_loop/slowest/prompt_length": 189,
  "timing_s/agent_loop/slowest/response_length": 160,
  "timing_s/gen": 9.396047719754279,
  "timing_s/reward": 0.007822595536708832,
  "timing_s/old_log_prob": 7.972556226886809,
  "timing_s/ref": 3.410749257542193,
  "timing_s/adv": 394.78828426636755,
  "timing_s/step": 415.5765533698723,
  "timing_s/save_checkpoint": 9.444275522604585,
  "timing_s/stop_profile": 9.028054773807526e-05,
  "timing_per_token_ms/adv": 11.434190177726636,
  "timing_per_token_ms/ref": 0.09878498732997923,
  "timing_per_token_ms/gen": 0.9091483037981886,
  "perf/total_num_tokens": 34527,
  "perf/time_per_step": 415.5765533698723,
  "perf/throughput": 41.54108276805286
}