{
  "actor/entropy": 0.11819199472665787,
  "perf/mfu/actor_infer": 0,
  "training/rollout_probs_diff_valid": 1,
  "training/rollout_probs_diff_max": 0.41412869095802307,
  "training/rollout_probs_diff_mean": 0.004191545303910971,
  "training/rollout_probs_diff_std": 0.015433763153851032,
  "training/rollout_actor_probs_pearson_corr": 0.9959844946861267,
  "reward/overall": 0.09133300781249999,
  "reward/format_score": 1.0,
  "reward/uncertainty_score": 0.09375,
  "reward/repetition_penalty": 0.1541748046875,
  "reward/sc_score": 0.9468750000000001,
  "reward/avg_tool_calls": 0.0078125,
  "actor/reward_kl_penalty": 0.0009433566592633724,
  "actor/reward_kl_penalty_coeff": 0.009897992545340855,
  "rollout_corr/rollout_is_veto_fraction": 0.0,
  "rollout_corr/rollout_is_catastrophic_token_fraction": 0.0,
  "rollout_corr/training_ppl": 1.1225605010986328,
  "rollout_corr/training_log_ppl": 0.11427080631256104,
  "rollout_corr/kl": 0.00023653484822716564,
  "rollout_corr/k3_kl": 0.000805347110144794,
  "rollout_corr/rollout_ppl": 1.1223423480987549,
  "rollout_corr/rollout_log_ppl": 0.11402183771133423,
  "rollout_corr/log_ppl_diff": 0.0002489523612894118,
  "rollout_corr/log_ppl_abs_diff": 0.0037126217503100634,
  "rollout_corr/log_ppl_diff_max": 0.015554606914520264,
  "rollout_corr/log_ppl_diff_min": -0.015298858284950256,
  "rollout_corr/ppl_ratio": 1.000260591506958,
  "rollout_corr/chi2_token": 0.0028429031372070312,
  "rollout_corr/chi2_seq": 0.33051347732543945,
  "training/global_step": 5,
  "training/epoch": 0,
  "critic/score/mean": 0.09133300185203552,
  "critic/score/max": 1.984375,
  "critic/score/min": 0.0,
  "critic/rewards/mean": 0.09058766812086105,
  "critic/rewards/max": 1.9831676483154297,
  "critic/rewards/min": -0.009005005471408367,
  "critic/advantages/mean": 0.009756574407219887,
  "critic/advantages/max": 1.4999984502792358,
  "critic/advantages/min": -1.4995239973068237,
  "critic/returns/mean": 0.009756574407219887,
  "critic/returns/max": 1.4999984502792358,
  "critic/returns/min": -1.4995239973068237,
  "response_length/mean": 79.0390625,
  "response_length/max": 135.0,
  "response_length/min": 53.0,
  "response_length/clip_ratio": 0.0,
  "response_length_non_aborted/mean": 79.0390625,
  "response_length_non_aborted/max": 135.0,
  "response_length_non_aborted/min": 53.0,
  "response_length_non_aborted/clip_ratio": 0.0,
  "response/aborted_ratio": 0.0,
  "prompt_length/mean": 189.0,
  "prompt_length/max": 189.0,
  "prompt_length/min": 189.0,
  "prompt_length/clip_ratio": 0.0,
  "num_turns/min": 2,
  "num_turns/max": 2,
  "num_turns/mean": 2.0,
  "timing_s/start_profile": 4.264339804649353e-05,
  "timing_s/agent_loop/generate_sequences/min": 1.8692023698240519,
  "timing_s/agent_loop/generate_sequences/max": 3.5498490761965513,
  "timing_s/agent_loop/generate_sequences/mean": 2.5995259860210354,
  "timing_s/agent_loop/tool_calls/min": 0.0,
  "timing_s/agent_loop/tool_calls/max": 0.0,
  "timing_s/agent_loop/tool_calls/mean": 0.0,
  "timing_s/agent_loop/slowest/generate_sequences": 3.5498490761965513,
  "timing_s/agent_loop/slowest/tool_calls": 0.0,
  "timing_s/agent_loop/slowest/prompt_length": 189,
  "timing_s/agent_loop/slowest/response_length": 135,
  "timing_s/gen": 8.865792185999453,
  "timing_s/reward": 0.006151785142719746,
  "timing_s/old_log_prob": 8.003758975304663,
  "timing_s/ref": 3.6402025017887354,
  "timing_s/adv": 261.97303054854274,
  "timing_s/step": 282.4899969417602,
  "timing_s/save_checkpoint": 14.80591413192451,
  "timing_s/stop_profile": 0.0002720579504966736,
  "timing_per_token_ms/adv": 7.6356941487231555,
  "timing_per_token_ms/ref": 0.1061005130370671,
  "timing_per_token_ms/gen": 0.8763262020361227,
  "perf/total_num_tokens": 34309,
  "perf/time_per_step": 282.4899969417602,
  "perf/throughput": 60.72604405718718
}