{
  "actor/entropy": 2.088853120803833,
  "perf/mfu/actor_infer": 0,
  "training/rollout_probs_diff_valid": 1,
  "training/rollout_probs_diff_max": 0.14804768562316895,
  "training/rollout_probs_diff_mean": 0.003386362688615918,
  "training/rollout_probs_diff_std": 0.007969170808792114,
  "training/rollout_actor_probs_pearson_corr": 0.9997987151145935,
  "reward/overall": -0.76015625,
  "reward/format_score": 0.15625,
  "reward/uncertainty_score": 0.08750000000000001,
  "reward/repetition_penalty": 0.01015625,
  "reward/sc_score": 0.11249999999999999,
  "reward/avg_tool_calls": 0.00078125,
  "actor/reward_kl_penalty": 0.0009157189051620662,
  "actor/reward_kl_penalty_coeff": 0.009872653684424783,
  "rollout_corr/rollout_is_veto_fraction": 0.0,
  "rollout_corr/rollout_is_catastrophic_token_fraction": 0.0,
  "rollout_corr/training_ppl": 135.30189514160156,
  "rollout_corr/training_log_ppl": 2.4387402534484863,
  "rollout_corr/kl": 0.0009263764368370175,
  "rollout_corr/k3_kl": 0.0009025575127452612,
  "rollout_corr/rollout_ppl": 135.38670349121094,
  "rollout_corr/rollout_log_ppl": 2.4361565113067627,
  "rollout_corr/log_ppl_diff": 0.002583821304142475,
  "rollout_corr/log_ppl_abs_diff": 0.007895046845078468,
  "rollout_corr/log_ppl_diff_max": 0.14047574996948242,
  "rollout_corr/log_ppl_diff_min": -0.16616344451904297,
  "rollout_corr/ppl_ratio": 1.002854585647583,
  "rollout_corr/chi2_token": 0.0017620325088500977,
  "rollout_corr/chi2_seq": 0.7021563053131104,
  "training/global_step": 6,
  "training/epoch": 0,
  "critic/score/mean": -0.7601562142372131,
  "critic/score/max": 1.5499999523162842,
  "critic/score/min": -1.0,
  "critic/rewards/mean": -0.7620861530303955,
  "critic/rewards/max": 1.5499999523162842,
  "critic/rewards/min": -1.0079060792922974,
  "critic/advantages/mean": -0.1692773997783661,
  "critic/advantages/max": 1.499997854232788,
  "critic/advantages/min": -1.4983797073364258,
  "critic/returns/mean": -0.1692773997783661,
  "critic/returns/max": 1.499997854232788,
  "critic/returns/min": -1.4983797073364258,
  "response_length/mean": 310.359375,
  "response_length/max": 512.0,
  "response_length/min": 2.0,
  "response_length/clip_ratio": 0.453125,
  "response_length_non_aborted/mean": 310.359375,
  "response_length_non_aborted/max": 512.0,
  "response_length_non_aborted/min": 2.0,
  "response_length_non_aborted/clip_ratio": 0.453125,
  "response/aborted_ratio": 0.0,
  "prompt_length/mean": 193.0,
  "prompt_length/max": 193.0,
  "prompt_length/min": 193.0,
  "prompt_length/clip_ratio": 0.0,
  "num_turns/min": 2,
  "num_turns/max": 2,
  "num_turns/mean": 2.0,
  "timing_s/start_profile": 0.00012390967458486557,
  "timing_s/agent_loop/generate_sequences/min": 0.17996995616704226,
  "timing_s/agent_loop/generate_sequences/max": 25.322657687589526,
  "timing_s/agent_loop/generate_sequences/mean": 13.851735913092853,
  "timing_s/agent_loop/tool_calls/min": 0.0,
  "timing_s/agent_loop/tool_calls/max": 0.0,
  "timing_s/agent_loop/tool_calls/mean": 0.0,
  "timing_s/agent_loop/slowest/generate_sequences": 25.322657687589526,
  "timing_s/agent_loop/slowest/tool_calls": 0.0,
  "timing_s/agent_loop/slowest/prompt_length": 193,
  "timing_s/agent_loop/slowest/response_length": 512,
  "timing_s/gen": 30.762731323949993,
  "timing_s/reward": 0.038122174330055714,
  "timing_s/old_log_prob": 8.272430791519582,
  "timing_s/ref": 5.411333976313472,
  "timing_s/adv": 83.82602666411549,
  "timing_s/step": 128.31252337340266,
  "timing_s/save_checkpoint": 15.174953841604292,
  "timing_s/stop_profile": 0.0002080099657177925,
  "timing_per_token_ms/adv": 1.3010403020970898,
  "timing_per_token_ms/gen": 0.7743727363426973,
  "timing_per_token_ms/ref": 0.08398780034632115,
  "perf/total_num_tokens": 64430,
  "perf/time_per_step": 128.31252337340266,
  "perf/throughput": 251.06668587797182
}