{
  "actor/entropy": 2.592437982559204,
  "perf/mfu/actor_infer": 0,
  "training/rollout_probs_diff_valid": 1,
  "training/rollout_probs_diff_max": 0.48161154985427856,
  "training/rollout_probs_diff_mean": 0.0035506028216332197,
  "training/rollout_probs_diff_std": 0.008697731420397758,
  "training/rollout_actor_probs_pearson_corr": 0.9997677206993103,
  "reward/overall": -0.6281510416666667,
  "reward/format_score": 0.234375,
  "reward/uncertainty_score": 0.140625,
  "reward/repetition_penalty": 0.009375,
  "reward/sc_score": 0.18359375,
  "reward/avg_tool_calls": 0.02109375,
  "actor/reward_kl_penalty": 0.0010629812022671103,
  "actor/reward_kl_penalty_coeff": 0.009797025642762316,
  "rollout_corr/rollout_is_veto_fraction": 0.0,
  "rollout_corr/rollout_is_catastrophic_token_fraction": 0.0,
  "rollout_corr/training_ppl": 151.7561492919922,
  "rollout_corr/training_log_ppl": 2.7783203125,
  "rollout_corr/kl": 0.0010099414503201842,
  "rollout_corr/k3_kl": 0.001017188187688589,
  "rollout_corr/rollout_ppl": 149.91873168945312,
  "rollout_corr/rollout_log_ppl": 2.7751944065093994,
  "rollout_corr/log_ppl_diff": 0.0031260112300515175,
  "rollout_corr/log_ppl_abs_diff": 0.00806640088558197,
  "rollout_corr/log_ppl_diff_max": 0.07770347595214844,
  "rollout_corr/log_ppl_diff_min": -0.13297080993652344,
  "rollout_corr/ppl_ratio": 1.0032979249954224,
  "rollout_corr/chi2_token": 0.002057313919067383,
  "rollout_corr/chi2_seq": 0.2682013511657715,
  "training/global_step": 9,
  "training/epoch": 0,
  "critic/score/mean": -0.6281510591506958,
  "critic/score/max": 1.9866666793823242,
  "critic/score/min": -1.0,
  "critic/rewards/mean": -0.6303008198738098,
  "critic/rewards/max": 1.9858986139297485,
  "critic/rewards/min": -1.007755160331726,
  "critic/advantages/mean": -0.2926828861236572,
  "critic/advantages/max": 1.499998688697815,
  "critic/advantages/min": -1.4985754489898682,
  "critic/returns/mean": -0.2926828861236572,
  "critic/returns/max": 1.499998688697815,
  "critic/returns/min": -1.4985754489898682,
  "response_length/mean": 258.09375,
  "response_length/max": 512.0,
  "response_length/min": 2.0,
  "response_length/clip_ratio": 0.3671875,
  "response_length_non_aborted/mean": 258.09375,
  "response_length_non_aborted/max": 512.0,
  "response_length_non_aborted/min": 2.0,
  "response_length_non_aborted/clip_ratio": 0.3671875,
  "response/aborted_ratio": 0.0,
  "prompt_length/mean": 193.0,
  "prompt_length/max": 193.0,
  "prompt_length/min": 193.0,
  "prompt_length/clip_ratio": 0.0,
  "num_turns/min": 2,
  "num_turns/max": 2,
  "num_turns/mean": 2.0,
  "timing_s/start_profile": 0.00012600701302289963,
  "timing_s/agent_loop/generate_sequences/min": 0.10694244597107172,
  "timing_s/agent_loop/generate_sequences/max": 22.298822989687324,
  "timing_s/agent_loop/generate_sequences/mean": 10.054926477241679,
  "timing_s/agent_loop/tool_calls/min": 0.0,
  "timing_s/agent_loop/tool_calls/max": 0.0,
  "timing_s/agent_loop/tool_calls/mean": 0.0,
  "timing_s/agent_loop/slowest/generate_sequences": 22.298822989687324,
  "timing_s/agent_loop/slowest/tool_calls": 0.0,
  "timing_s/agent_loop/slowest/prompt_length": 193,
  "timing_s/agent_loop/slowest/response_length": 512,
  "timing_s/gen": 27.472708575427532,
  "timing_s/reward": 0.031047857366502285,
  "timing_s/old_log_prob": 8.258879568427801,
  "timing_s/ref": 5.195175772532821,
  "timing_s/adv": 202.53857357427478,
  "timing_s/step": 243.49853787291795,
  "timing_s/save_checkpoint": 14.732192540541291,
  "timing_s/stop_profile": 6.958656013011932e-05,
  "timing_per_token_ms/adv": 3.5077688530355866,
  "timing_per_token_ms/gen": 0.8315991214259454,
  "timing_per_token_ms/ref": 0.08997533378130967,
  "perf/total_num_tokens": 57740,
  "perf/time_per_step": 243.49853787291795,
  "perf/throughput": 118.56334026558825
}