{
  "actor/entropy": 2.3014750480651855,
  "perf/mfu/actor_infer": 0,
  "training/rollout_probs_diff_valid": 1,
  "training/rollout_probs_diff_max": 0.10246068239212036,
  "training/rollout_probs_diff_mean": 0.0034798781853169203,
  "training/rollout_probs_diff_std": 0.00828041322529316,
  "training/rollout_actor_probs_pearson_corr": 0.9997875690460205,
  "reward/overall": -0.5250544507575756,
  "reward/format_score": 0.2578125,
  "reward/uncertainty_score": 0.221875,
  "reward/repetition_penalty": 0.010653409090909092,
  "reward/sc_score": 0.16640625,
  "reward/avg_tool_calls": 0.0140625,
  "actor/reward_kl_penalty": 0.0010801345342770219,
  "actor/reward_kl_penalty_coeff": 0.009948865535999999,
  "rollout_corr/rollout_is_veto_fraction": 0.0,
  "rollout_corr/rollout_is_catastrophic_token_fraction": 0.0,
  "rollout_corr/training_ppl": 117.5325698852539,
  "rollout_corr/training_log_ppl": 2.601062536239624,
  "rollout_corr/kl": 0.0012068642536178231,
  "rollout_corr/k3_kl": 0.000985444406978786,
  "rollout_corr/rollout_ppl": 116.61589813232422,
  "rollout_corr/rollout_log_ppl": 2.5981943607330322,
  "rollout_corr/log_ppl_diff": 0.002868065144866705,
  "rollout_corr/log_ppl_abs_diff": 0.006245365832000971,
  "rollout_corr/log_ppl_diff_max": 0.0735926628112793,
  "rollout_corr/log_ppl_diff_min": -0.03701448440551758,
  "rollout_corr/ppl_ratio": 1.0029363632202148,
  "rollout_corr/chi2_token": 0.0015289783477783203,
  "rollout_corr/chi2_seq": 3.714529514312744,
  "training/global_step": 3,
  "training/epoch": 0,
  "critic/score/mean": -0.5250544548034668,
  "critic/score/max": 1.9696969985961914,
  "critic/score/min": -1.0,
  "critic/rewards/mean": -0.5270959138870239,
  "critic/rewards/max": 1.969243049621582,
  "critic/rewards/min": -1.0084037780761719,
  "critic/advantages/mean": -0.30807721614837646,
  "critic/advantages/max": 1.499998927116394,
  "critic/advantages/min": -1.4954482316970825,
  "critic/returns/mean": -0.30807721614837646,
  "critic/returns/max": 1.499998927116394,
  "critic/returns/min": -1.4954482316970825,
  "response_length/mean": 257.8828125,
  "response_length/max": 512.0,
  "response_length/min": 2.0,
  "response_length/clip_ratio": 0.3828125,
  "response_length_non_aborted/mean": 257.8828125,
  "response_length_non_aborted/max": 512.0,
  "response_length_non_aborted/min": 2.0,
  "response_length_non_aborted/clip_ratio": 0.3828125,
  "response/aborted_ratio": 0.0,
  "prompt_length/mean": 193.0,
  "prompt_length/max": 193.0,
  "prompt_length/min": 193.0,
  "prompt_length/clip_ratio": 0.0,
  "num_turns/min": 2,
  "num_turns/max": 2,
  "num_turns/mean": 2.0,
  "timing_s/start_profile": 0.00012344494462013245,
  "timing_s/agent_loop/generate_sequences/min": 0.12994578387588263,
  "timing_s/agent_loop/generate_sequences/max": 23.064256390556693,
  "timing_s/agent_loop/generate_sequences/mean": 10.55965798611578,
  "timing_s/agent_loop/tool_calls/min": 0.0,
  "timing_s/agent_loop/tool_calls/max": 0.0,
  "timing_s/agent_loop/tool_calls/mean": 0.0,
  "timing_s/agent_loop/slowest/generate_sequences": 23.064256390556693,
  "timing_s/agent_loop/slowest/tool_calls": 0.0,
  "timing_s/agent_loop/slowest/prompt_length": 193,
  "timing_s/agent_loop/slowest/response_length": 512,
  "timing_s/gen": 28.222768511623144,
  "timing_s/reward": 0.014690357260406017,
  "timing_s/old_log_prob": 8.276048025116324,
  "timing_s/ref": 5.273457723669708,
  "timing_s/adv": 393.2512690825388,
  "timing_s/step": 435.0394781343639,
  "timing_s/save_checkpoint": 13.79440410528332,
  "timing_s/stop_profile": 0.0002476898953318596,
  "timing_per_token_ms/adv": 6.813911407872382,
  "timing_per_token_ms/gen": 0.8550022270175753,
  "timing_per_token_ms/ref": 0.0913738277973716,
  "perf/total_num_tokens": 57713,
  "perf/time_per_step": 435.0394781343639,
  "perf/throughput": 66.33076180522528
}