{
  "actor/entropy": 2.639188051223755,
  "perf/mfu/actor_infer": 0,
  "training/rollout_probs_diff_valid": 1,
  "training/rollout_probs_diff_max": 0.09523272514343262,
  "training/rollout_probs_diff_mean": 0.0036245828960090876,
  "training/rollout_probs_diff_std": 0.00819181464612484,
  "training/rollout_actor_probs_pearson_corr": 0.9997836351394653,
  "reward/overall": -0.6400130208333332,
  "reward/format_score": 0.1875,
  "reward/uncertainty_score": 0.178125,
  "reward/repetition_penalty": 0.0078125,
  "reward/sc_score": 0.11171875,
  "reward/avg_tool_calls": 0.010937500000000001,
  "actor/reward_kl_penalty": 0.0007949550054036081,
  "actor/reward_kl_penalty_coeff": 0.009771945257116844,
  "rollout_corr/rollout_is_veto_fraction": 0.0,
  "rollout_corr/rollout_is_catastrophic_token_fraction": 0.0,
  "rollout_corr/training_ppl": 136.1076202392578,
  "rollout_corr/training_log_ppl": 3.0236499309539795,
  "rollout_corr/kl": 0.0016485681990161538,
  "rollout_corr/k3_kl": 0.001073720515705645,
  "rollout_corr/rollout_ppl": 135.34490966796875,
  "rollout_corr/rollout_log_ppl": 3.019312858581543,
  "rollout_corr/log_ppl_diff": 0.00433702114969492,
  "rollout_corr/log_ppl_abs_diff": 0.008262140676379204,
  "rollout_corr/log_ppl_diff_max": 0.07196569442749023,
  "rollout_corr/log_ppl_diff_min": -0.0738682746887207,
  "rollout_corr/ppl_ratio": 1.0044606924057007,
  "rollout_corr/chi2_token": 0.0010089874267578125,
  "rollout_corr/chi2_seq": 0.3755667209625244,
  "training/global_step": 10,
  "training/epoch": 0,
  "critic/score/mean": -0.6400129795074463,
  "critic/score/max": 1.6133333444595337,
  "critic/score/min": -1.0,
  "critic/rewards/mean": -0.6417902708053589,
  "critic/rewards/max": 1.6133333444595337,
  "critic/rewards/min": -1.0087229013442993,
  "critic/advantages/mean": -0.2323632389307022,
  "critic/advantages/max": 1.4999990463256836,
  "critic/advantages/min": -1.4999970197677612,
  "critic/returns/mean": -0.2323632389307022,
  "critic/returns/max": 1.4999990463256836,
  "critic/returns/min": -1.4999970197677612,
  "response_length/mean": 286.8984375,
  "response_length/max": 512.0,
  "response_length/min": 2.0,
  "response_length/clip_ratio": 0.4140625,
  "response_length_non_aborted/mean": 286.8984375,
  "response_length_non_aborted/max": 512.0,
  "response_length_non_aborted/min": 2.0,
  "response_length_non_aborted/clip_ratio": 0.4140625,
  "response/aborted_ratio": 0.0,
  "prompt_length/mean": 193.0,
  "prompt_length/max": 193.0,
  "prompt_length/min": 193.0,
  "prompt_length/clip_ratio": 0.0,
  "num_turns/min": 2,
  "num_turns/max": 2,
  "num_turns/mean": 2.0,
  "timing_s/start_profile": 0.00012122374027967453,
  "timing_s/agent_loop/generate_sequences/min": 0.10745318979024887,
  "timing_s/agent_loop/generate_sequences/max": 24.03225950151682,
  "timing_s/agent_loop/generate_sequences/mean": 12.078643411681696,
  "timing_s/agent_loop/tool_calls/min": 0.0,
  "timing_s/agent_loop/tool_calls/max": 0.0,
  "timing_s/agent_loop/tool_calls/mean": 0.0,
  "timing_s/agent_loop/slowest/generate_sequences": 24.03225950151682,
  "timing_s/agent_loop/slowest/tool_calls": 0.0,
  "timing_s/agent_loop/slowest/prompt_length": 193,
  "timing_s/agent_loop/slowest/response_length": 512,
  "timing_s/gen": 29.32969866413623,
  "timing_s/reward": 0.014801114797592163,
  "timing_s/old_log_prob": 8.307037155143917,
  "timing_s/ref": 5.386260999366641,
  "timing_s/adv": 326.7987539283931,
  "timing_s/step": 369.8380150422454,
  "timing_s/save_checkpoint": 15.435504905879498,
  "timing_s/stop_profile": 0.00016103405505418777,
  "timing_per_token_ms/adv": 5.3201158110992415,
  "timing_per_token_ms/gen": 0.7986738192450571,
  "timing_per_token_ms/ref": 0.08768556171336124,
  "perf/total_num_tokens": 61427,
  "perf/time_per_step": 369.8380150422454,
  "perf/throughput": 83.0458166840737
}