{
  "actor/entropy": 2.0972211360931396,
  "perf/mfu/actor_infer": 0,
  "training/rollout_probs_diff_valid": 1,
  "training/rollout_probs_diff_max": 0.18741542100906372,
  "training/rollout_probs_diff_mean": 0.00351310009136796,
  "training/rollout_probs_diff_std": 0.008370247669517994,
  "training/rollout_actor_probs_pearson_corr": 0.9997797012329102,
  "reward/overall": -0.5985030241935484,
  "reward/format_score": 0.2421875,
  "reward/uncertainty_score": 0.1625,
  "reward/repetition_penalty": 0.008316532258064516,
  "reward/sc_score": 0.171875,
  "reward/avg_tool_calls": 0.021875,
  "actor/reward_kl_penalty": 0.0006658656056970358,
  "actor/reward_kl_penalty_coeff": 0.009897992545340855,
  "rollout_corr/rollout_is_veto_fraction": 0.0,
  "rollout_corr/rollout_is_catastrophic_token_fraction": 0.0,
  "rollout_corr/training_ppl": 65.72161865234375,
  "rollout_corr/training_log_ppl": 2.2215466499328613,
  "rollout_corr/kl": 0.0009446399635635316,
  "rollout_corr/k3_kl": 0.0009466135525144637,
  "rollout_corr/rollout_ppl": 65.18817138671875,
  "rollout_corr/rollout_log_ppl": 2.2188303470611572,
  "rollout_corr/log_ppl_diff": 0.0027163231279700994,
  "rollout_corr/log_ppl_abs_diff": 0.004765038378536701,
  "rollout_corr/log_ppl_diff_max": 0.09428620338439941,
  "rollout_corr/log_ppl_diff_min": -0.016631484031677246,
  "rollout_corr/ppl_ratio": 1.002795934677124,
  "rollout_corr/chi2_token": 0.0018885135650634766,
  "rollout_corr/chi2_seq": 0.2411344051361084,
  "training/global_step": 5,
  "training/epoch": 0,
  "critic/score/mean": -0.5985029935836792,
  "critic/score/max": 1.9677419662475586,
  "critic/score/min": -1.0,
  "critic/rewards/mean": -0.5999962687492371,
  "critic/rewards/max": 1.9677419662475586,
  "critic/rewards/min": -1.0073360204696655,
  "critic/advantages/mean": -0.18176352977752686,
  "critic/advantages/max": 1.499998927116394,
  "critic/advantages/min": -1.4999959468841553,
  "critic/returns/mean": -0.18176352977752686,
  "critic/returns/max": 1.499998927116394,
  "critic/returns/min": -1.4999959468841553,
  "response_length/mean": 300.3671875,
  "response_length/max": 512.0,
  "response_length/min": 2.0,
  "response_length/clip_ratio": 0.3984375,
  "response_length_non_aborted/mean": 300.3671875,
  "response_length_non_aborted/max": 512.0,
  "response_length_non_aborted/min": 2.0,
  "response_length_non_aborted/clip_ratio": 0.3984375,
  "response/aborted_ratio": 0.0,
  "prompt_length/mean": 193.0,
  "prompt_length/max": 193.0,
  "prompt_length/min": 193.0,
  "prompt_length/clip_ratio": 0.0,
  "num_turns/min": 2,
  "num_turns/max": 2,
  "num_turns/mean": 2.0,
  "timing_s/start_profile": 0.00013291742652654648,
  "timing_s/agent_loop/generate_sequences/min": 0.33815216179937124,
  "timing_s/agent_loop/generate_sequences/max": 24.262699184007943,
  "timing_s/agent_loop/generate_sequences/mean": 12.592786005319795,
  "timing_s/agent_loop/tool_calls/min": 0.0,
  "timing_s/agent_loop/tool_calls/max": 0.0,
  "timing_s/agent_loop/tool_calls/mean": 0.0,
  "timing_s/agent_loop/slowest/generate_sequences": 24.262699184007943,
  "timing_s/agent_loop/slowest/tool_calls": 0.0,
  "timing_s/agent_loop/slowest/prompt_length": 193,
  "timing_s/agent_loop/slowest/response_length": 512,
  "timing_s/gen": 30.356391462497413,
  "timing_s/reward": 0.0317335007712245,
  "timing_s/old_log_prob": 8.732524637132883,
  "timing_s/ref": 5.473565920256078,
  "timing_s/adv": 314.26808429695666,
  "timing_s/step": 358.8645238503814,
  "timing_s/save_checkpoint": 15.69336389284581,
  "timing_s/stop_profile": 0.00016236398369073868,
  "timing_per_token_ms/adv": 4.976454597662059,
  "timing_per_token_ms/gen": 0.7895646334563793,
  "timing_per_token_ms/ref": 0.08667425567696597,
  "perf/total_num_tokens": 63151,
  "perf/time_per_step": 358.8645238503814,
  "perf/throughput": 87.98724282137326
}