{
  "actor/entropy": 2.4334282875061035,
  "perf/mfu/actor_infer": 0,
  "training/rollout_probs_diff_valid": 1,
  "training/rollout_probs_diff_max": 0.1514195203781128,
  "training/rollout_probs_diff_mean": 0.00405685231089592,
  "training/rollout_probs_diff_std": 0.008906527422368526,
  "training/rollout_actor_probs_pearson_corr": 0.9997361898422241,
  "reward/overall": -0.5178627232142856,
  "reward/format_score": 0.2734375,
  "reward/uncertainty_score": 0.2125,
  "reward/repetition_penalty": 0.01049107142857143,
  "reward/sc_score": 0.18125000000000002,
  "reward/avg_tool_calls": 0.013281250000000001,
  "actor/reward_kl_penalty": 0.0008487508166581392,
  "actor/reward_kl_penalty_coeff": 0.00992339644022784,
  "rollout_corr/rollout_is_veto_fraction": 0.0,
  "rollout_corr/rollout_is_catastrophic_token_fraction": 0.0,
  "rollout_corr/training_ppl": 151.30499267578125,
  "rollout_corr/training_log_ppl": 2.49363112449646,
  "rollout_corr/kl": 0.001509023131802678,
  "rollout_corr/k3_kl": 0.0010566875571385026,
  "rollout_corr/rollout_ppl": 147.1507110595703,
  "rollout_corr/rollout_log_ppl": 2.4920618534088135,
  "rollout_corr/log_ppl_diff": 0.0015694095054641366,
  "rollout_corr/log_ppl_abs_diff": 0.005694700870662928,
  "rollout_corr/log_ppl_diff_max": 0.0923929214477539,
  "rollout_corr/log_ppl_diff_min": -0.0484004020690918,
  "rollout_corr/ppl_ratio": 1.0016494989395142,
  "rollout_corr/chi2_token": 0.0012137889862060547,
  "rollout_corr/chi2_seq": 0.9844688177108765,
  "training/global_step": 4,
  "training/epoch": 0,
  "critic/score/mean": -0.5178627371788025,
  "critic/score/max": 1.9914286136627197,
  "critic/score/min": -1.0,
  "critic/rewards/mean": -0.5196850299835205,
  "critic/rewards/max": 1.9906585216522217,
  "critic/rewards/min": -1.008278489112854,
  "critic/advantages/mean": -0.12865911424160004,
  "critic/advantages/max": 1.4999991655349731,
  "critic/advantages/min": -1.458099126815796,
  "critic/returns/mean": -0.12865911424160004,
  "critic/returns/max": 1.4999991655349731,
  "critic/returns/min": -1.458099126815796,
  "response_length/mean": 272.921875,
  "response_length/max": 512.0,
  "response_length/min": 2.0,
  "response_length/clip_ratio": 0.375,
  "response_length_non_aborted/mean": 272.921875,
  "response_length_non_aborted/max": 512.0,
  "response_length_non_aborted/min": 2.0,
  "response_length_non_aborted/clip_ratio": 0.375,
  "response/aborted_ratio": 0.0,
  "prompt_length/mean": 193.0,
  "prompt_length/max": 193.0,
  "prompt_length/min": 193.0,
  "prompt_length/clip_ratio": 0.0,
  "num_turns/min": 2,
  "num_turns/max": 2,
  "num_turns/mean": 2.0,
  "timing_s/start_profile": 0.00013780128210783005,
  "timing_s/agent_loop/generate_sequences/min": 0.44914691895246506,
  "timing_s/agent_loop/generate_sequences/max": 23.477909463457763,
  "timing_s/agent_loop/generate_sequences/mean": 11.329212476535758,
  "timing_s/agent_loop/tool_calls/min": 0.0,
  "timing_s/agent_loop/tool_calls/max": 0.0,
  "timing_s/agent_loop/tool_calls/mean": 0.0,
  "timing_s/agent_loop/slowest/generate_sequences": 23.477909463457763,
  "timing_s/agent_loop/slowest/tool_calls": 0.0,
  "timing_s/agent_loop/slowest/prompt_length": 193,
  "timing_s/agent_loop/slowest/response_length": 512,
  "timing_s/gen": 29.29352529346943,
  "timing_s/reward": 0.017475176602602005,
  "timing_s/old_log_prob": 8.385349813848734,
  "timing_s/ref": 5.154233337379992,
  "timing_s/adv": 360.57951345667243,
  "timing_s/step": 403.43203914444894,
  "timing_s/save_checkpoint": 14.963616346009076,
  "timing_s/stop_profile": 0.00017477944493293762,
  "timing_per_token_ms/adv": 6.046136917010504,
  "timing_per_token_ms/gen": 0.83853911070789,
  "timing_per_token_ms/ref": 0.08642532173077555,
  "perf/total_num_tokens": 59638,
  "perf/time_per_step": 403.43203914444894,
  "perf/throughput": 73.91331651109469
}