{
  "actor/entropy": 2.302685022354126,
  "perf/mfu/actor_infer": 0,
  "training/rollout_probs_diff_valid": 1,
  "training/rollout_probs_diff_max": 0.11557352542877197,
  "training/rollout_probs_diff_mean": 0.003703408408910036,
  "training/rollout_probs_diff_std": 0.008281819522380829,
  "training/rollout_actor_probs_pearson_corr": 0.999779462814331,
  "reward/overall": -0.5471459173387097,
  "reward/format_score": 0.2421875,
  "reward/uncertainty_score": 0.215625,
  "reward/repetition_penalty": 0.0078125,
  "reward/sc_score": 0.16015625,
  "reward/avg_tool_calls": 0.01171875,
  "actor/reward_kl_penalty": 0.0005491242627613246,
  "actor/reward_kl_penalty_coeff": 0.009822170398983714,
  "rollout_corr/rollout_is_veto_fraction": 0.0,
  "rollout_corr/rollout_is_catastrophic_token_fraction": 0.0,
  "rollout_corr/training_ppl": 153.82101440429688,
  "rollout_corr/training_log_ppl": 2.6516668796539307,
  "rollout_corr/kl": 0.001283123972825706,
  "rollout_corr/k3_kl": 0.001006718841381371,
  "rollout_corr/rollout_ppl": 153.584228515625,
  "rollout_corr/rollout_log_ppl": 2.6456832885742188,
  "rollout_corr/log_ppl_diff": 0.005983614828437567,
  "rollout_corr/log_ppl_abs_diff": 0.007475079502910376,
  "rollout_corr/log_ppl_diff_max": 0.09813642501831055,
  "rollout_corr/log_ppl_diff_min": -0.029087066650390625,
  "rollout_corr/ppl_ratio": 1.0061488151550293,
  "rollout_corr/chi2_token": 0.0014622211456298828,
  "rollout_corr/chi2_seq": 0.13092756271362305,
  "training/global_step": 8,
  "training/epoch": 0,
  "critic/score/mean": -0.5471459031105042,
  "critic/score/max": 1.9677419662475586,
  "critic/score/min": -1.0,
  "critic/rewards/mean": -0.5485168695449829,
  "critic/rewards/max": 1.9677419662475586,
  "critic/rewards/min": -1.0104303359985352,
  "critic/advantages/mean": -0.09750164300203323,
  "critic/advantages/max": 1.4999988079071045,
  "critic/advantages/min": -1.4733322858810425,
  "critic/returns/mean": -0.09750164300203323,
  "critic/returns/max": 1.4999988079071045,
  "critic/returns/min": -1.4733322858810425,
  "response_length/mean": 326.578125,
  "response_length/max": 512.0,
  "response_length/min": 2.0,
  "response_length/clip_ratio": 0.4921875,
  "response_length_non_aborted/mean": 326.578125,
  "response_length_non_aborted/max": 512.0,
  "response_length_non_aborted/min": 2.0,
  "response_length_non_aborted/clip_ratio": 0.4921875,
  "response/aborted_ratio": 0.0,
  "prompt_length/mean": 193.0,
  "prompt_length/max": 193.0,
  "prompt_length/min": 193.0,
  "prompt_length/clip_ratio": 0.0,
  "num_turns/min": 2,
  "num_turns/max": 2,
  "num_turns/mean": 2.0,
  "timing_s/start_profile": 0.00012333691120147705,
  "timing_s/agent_loop/generate_sequences/min": 0.15924400929361582,
  "timing_s/agent_loop/generate_sequences/max": 25.85063586011529,
  "timing_s/agent_loop/generate_sequences/mean": 14.920848572925024,
  "timing_s/agent_loop/tool_calls/min": 0.0,
  "timing_s/agent_loop/tool_calls/max": 0.0,
  "timing_s/agent_loop/tool_calls/mean": 0.0,
  "timing_s/agent_loop/slowest/generate_sequences": 25.85063586011529,
  "timing_s/agent_loop/slowest/tool_calls": 0.0,
  "timing_s/agent_loop/slowest/prompt_length": 193,
  "timing_s/agent_loop/slowest/response_length": 512,
  "timing_s/gen": 31.24370852764696,
  "timing_s/reward": 0.014511997811496258,
  "timing_s/old_log_prob": 8.442535977810621,
  "timing_s/ref": 5.625813606195152,
  "timing_s/adv": 410.9341911105439,
  "timing_s/step": 456.262550807558,
  "timing_s/save_checkpoint": 14.996220058761537,
  "timing_s/stop_profile": 0.00017855968326330185,
  "timing_per_token_ms/adv": 6.178904025359275,
  "timing_per_token_ms/gen": 0.747421380021218,
  "timing_per_token_ms/ref": 0.08459106856817658,
  "perf/total_num_tokens": 66506,
  "perf/time_per_step": 456.262550807558,
  "perf/throughput": 72.88128280776964
}