{
  "actor/entropy": 2.260704278945923,
  "perf/mfu/actor_infer": 0,
  "training/rollout_probs_diff_valid": 1,
  "training/rollout_probs_diff_max": 0.12037715315818787,
  "training/rollout_probs_diff_mean": 0.0036723907105624676,
  "training/rollout_probs_diff_std": 0.008487758226692677,
  "training/rollout_actor_probs_pearson_corr": 0.9997727274894714,
  "reward/overall": -0.5441059027777777,
  "reward/format_score": 0.28125,
  "reward/uncertainty_score": 0.17812500000000003,
  "reward/repetition_penalty": 0.010416666666666668,
  "reward/sc_score": 0.21484375,
  "reward/avg_tool_calls": 0.01796875,
  "actor/reward_kl_penalty": 0.001034795306622982,
  "actor/reward_kl_penalty_coeff": 0.01,
  "rollout_corr/rollout_is_veto_fraction": 0.0,
  "rollout_corr/rollout_is_catastrophic_token_fraction": 0.0,
  "rollout_corr/training_ppl": 137.0341796875,
  "rollout_corr/training_log_ppl": 2.5470528602600098,
  "rollout_corr/kl": 0.0010993769392371178,
  "rollout_corr/k3_kl": 0.000992817454971373,
  "rollout_corr/rollout_ppl": 135.15084838867188,
  "rollout_corr/rollout_log_ppl": 2.5434255599975586,
  "rollout_corr/log_ppl_diff": 0.003627294674515724,
  "rollout_corr/log_ppl_abs_diff": 0.007855921983718872,
  "rollout_corr/log_ppl_diff_max": 0.06700658798217773,
  "rollout_corr/log_ppl_diff_min": -0.05196857452392578,
  "rollout_corr/ppl_ratio": 1.0037455558776855,
  "rollout_corr/chi2_token": 0.0017868280410766602,
  "rollout_corr/chi2_seq": 0.4636838436126709,
  "training/global_step": 1,
  "training/epoch": 0,
  "critic/score/mean": -0.5441058874130249,
  "critic/score/max": 1.9722222089767456,
  "critic/score/min": -1.0,
  "critic/rewards/mean": -0.5462495684623718,
  "critic/rewards/max": 1.9683094024658203,
  "critic/rewards/min": -1.0073384046554565,
  "critic/advantages/mean": -0.1731899231672287,
  "critic/advantages/max": 1.499998927116394,
  "critic/advantages/min": -1.4536769390106201,
  "critic/returns/mean": -0.1731899231672287,
  "critic/returns/max": 1.499998927116394,
  "critic/returns/min": -1.4536769390106201,
  "response_length/mean": 274.5625,
  "response_length/max": 512.0,
  "response_length/min": 2.0,
  "response_length/clip_ratio": 0.3828125,
  "response_length_non_aborted/mean": 274.5625,
  "response_length_non_aborted/max": 512.0,
  "response_length_non_aborted/min": 2.0,
  "response_length_non_aborted/clip_ratio": 0.3828125,
  "response/aborted_ratio": 0.0,
  "prompt_length/mean": 193.0,
  "prompt_length/max": 193.0,
  "prompt_length/min": 193.0,
  "prompt_length/clip_ratio": 0.0,
  "num_turns/min": 2,
  "num_turns/max": 2,
  "num_turns/mean": 2.0,
  "timing_s/start_profile": 0.0006799418479204178,
  "timing_s/agent_loop/generate_sequences/min": 4.495249265804887,
  "timing_s/agent_loop/generate_sequences/max": 28.953891611658037,
  "timing_s/agent_loop/generate_sequences/mean": 16.167113063878787,
  "timing_s/agent_loop/tool_calls/min": 0.0,
  "timing_s/agent_loop/tool_calls/max": 0.0,
  "timing_s/agent_loop/tool_calls/mean": 0.0,
  "timing_s/agent_loop/slowest/generate_sequences": 28.953891611658037,
  "timing_s/agent_loop/slowest/tool_calls": 0.0,
  "timing_s/agent_loop/slowest/prompt_length": 193,
  "timing_s/agent_loop/slowest/response_length": 512,
  "timing_s/gen": 45.56754327658564,
  "timing_s/reward": 0.035856531001627445,
  "timing_s/old_log_prob": 8.468842662870884,
  "timing_s/ref": 12.873808587901294,
  "timing_s/adv": 371.98591243475676,
  "timing_s/step": 438.934624934569,
  "timing_s/save_checkpoint": 16.43388372194022,
  "timing_s/stop_profile": 0.00018097646534442902,
  "timing_per_token_ms/adv": 6.21551116887376,
  "timing_per_token_ms/gen": 1.2965952446103357,
  "timing_per_token_ms/ref": 0.2151084177900898,
  "perf/total_num_tokens": 59848,
  "perf/time_per_step": 438.934624934569,
  "perf/throughput": 68.17416148124724
}