{
  "actor/entropy": 2.377054214477539,
  "perf/mfu/actor_infer": 0,
  "training/rollout_probs_diff_valid": 1,
  "training/rollout_probs_diff_max": 0.11889847368001938,
  "training/rollout_probs_diff_mean": 0.003599496791139245,
  "training/rollout_probs_diff_std": 0.008340171538293362,
  "training/rollout_actor_probs_pearson_corr": 0.9997804760932922,
  "reward/overall": -0.6320424107142857,
  "reward/format_score": 0.21875,
  "reward/uncertainty_score": 0.153125,
  "reward/repetition_penalty": 0.016183035714285712,
  "reward/sc_score": 0.16953125,
  "reward/avg_tool_calls": 0.0109375,
  "actor/reward_kl_penalty": 0.0009545880602672696,
  "actor/reward_kl_penalty_coeff": 0.009847379690992655,
  "rollout_corr/rollout_is_veto_fraction": 0.0,
  "rollout_corr/rollout_is_catastrophic_token_fraction": 0.0,
  "rollout_corr/training_ppl": 104.91336822509766,
  "rollout_corr/training_log_ppl": 2.7063045501708984,
  "rollout_corr/kl": 0.0011695574503391981,
  "rollout_corr/k3_kl": 0.0010378118604421616,
  "rollout_corr/rollout_ppl": 102.99149322509766,
  "rollout_corr/rollout_log_ppl": 2.700493574142456,
  "rollout_corr/log_ppl_diff": 0.005811162758618593,
  "rollout_corr/log_ppl_abs_diff": 0.008288455195724964,
  "rollout_corr/log_ppl_diff_max": 0.1397228240966797,
  "rollout_corr/log_ppl_diff_min": -0.04916238784790039,
  "rollout_corr/ppl_ratio": 1.0060181617736816,
  "rollout_corr/chi2_token": 0.0018368959426879883,
  "rollout_corr/chi2_seq": 0.49153077602386475,
  "training/global_step": 7,
  "training/epoch": 0,
  "critic/score/mean": -0.6320424675941467,
  "critic/score/max": 1.9642857313156128,
  "critic/score/min": -1.0,
  "critic/rewards/mean": -0.6338927745819092,
  "critic/rewards/max": 1.9634863138198853,
  "critic/rewards/min": -1.0086592435836792,
  "critic/advantages/mean": -0.1677776277065277,
  "critic/advantages/max": 1.4999985694885254,
  "critic/advantages/min": -1.487509846687317,
  "critic/returns/mean": -0.1677776277065277,
  "critic/returns/max": 1.4999985694885254,
  "critic/returns/min": -1.487509846687317,
  "response_length/mean": 283.3046875,
  "response_length/max": 512.0,
  "response_length/min": 2.0,
  "response_length/clip_ratio": 0.3984375,
  "response_length_non_aborted/mean": 283.3046875,
  "response_length_non_aborted/max": 512.0,
  "response_length_non_aborted/min": 2.0,
  "response_length_non_aborted/clip_ratio": 0.3984375,
  "response/aborted_ratio": 0.0,
  "prompt_length/mean": 193.0,
  "prompt_length/max": 193.0,
  "prompt_length/min": 193.0,
  "prompt_length/clip_ratio": 0.0,
  "num_turns/min": 2,
  "num_turns/max": 2,
  "num_turns/mean": 2.0,
  "timing_s/start_profile": 0.00013045035302639008,
  "timing_s/agent_loop/generate_sequences/min": 0.11039371602237225,
  "timing_s/agent_loop/generate_sequences/max": 24.29568877350539,
  "timing_s/agent_loop/generate_sequences/mean": 12.120288874510152,
  "timing_s/agent_loop/tool_calls/min": 0.0,
  "timing_s/agent_loop/tool_calls/max": 0.0,
  "timing_s/agent_loop/tool_calls/mean": 0.0,
  "timing_s/agent_loop/slowest/generate_sequences": 24.29568877350539,
  "timing_s/agent_loop/slowest/tool_calls": 0.0,
  "timing_s/agent_loop/slowest/prompt_length": 193,
  "timing_s/agent_loop/slowest/response_length": 512,
  "timing_s/gen": 29.8487895373255,
  "timing_s/reward": 0.02165293227881193,
  "timing_s/old_log_prob": 8.250977941788733,
  "timing_s/ref": 5.361029056832194,
  "timing_s/adv": 260.34119121171534,
  "timing_s/step": 303.82556950766593,
  "timing_s/save_checkpoint": 15.246271108277142,
  "timing_s/stop_profile": 0.00016589835286140442,
  "timing_per_token_ms/adv": 4.2701984878986226,
  "timing_per_token_ms/gen": 0.8231196960352288,
  "timing_per_token_ms/ref": 0.08793329271297906,
  "perf/total_num_tokens": 60967,
  "perf/time_per_step": 303.82556950766593,
  "perf/throughput": 100.33224013830363
}