{
  "actor/entropy": 2.2614083290100098,
  "perf/mfu/actor_infer": 0,
  "training/rollout_probs_diff_valid": 1,
  "training/rollout_probs_diff_max": 0.14255106449127197,
  "training/rollout_probs_diff_mean": 0.0037891273386776447,
  "training/rollout_probs_diff_std": 0.008523596450686455,
  "training/rollout_actor_probs_pearson_corr": 0.9997655153274536,
  "reward/overall": -0.5367270359848484,
  "reward/format_score": 0.2578125,
  "reward/uncertainty_score": 0.20937499999999998,
  "reward/repetition_penalty": 0.010653409090909092,
  "reward/sc_score": 0.17890625,
  "reward/avg_tool_calls": 0.01640625,
  "actor/reward_kl_penalty": 0.0009888920467346907,
  "actor/reward_kl_penalty_coeff": 0.0099744,
  "rollout_corr/rollout_is_veto_fraction": 0.0,
  "rollout_corr/rollout_is_catastrophic_token_fraction": 0.0,
  "rollout_corr/training_ppl": 106.90039825439453,
  "rollout_corr/training_log_ppl": 2.5591988563537598,
  "rollout_corr/kl": 0.0010924618691205978,
  "rollout_corr/k3_kl": 0.0010958823841065168,
  "rollout_corr/rollout_ppl": 102.74140167236328,
  "rollout_corr/rollout_log_ppl": 2.553349494934082,
  "rollout_corr/log_ppl_diff": 0.0058495281264185905,
  "rollout_corr/log_ppl_abs_diff": 0.009071921929717064,
  "rollout_corr/log_ppl_diff_max": 0.12629222869873047,
  "rollout_corr/log_ppl_diff_min": -0.03663825988769531,
  "rollout_corr/ppl_ratio": 1.0060901641845703,
  "rollout_corr/chi2_token": 0.0022028684616088867,
  "rollout_corr/chi2_seq": 0.6515485048294067,
  "training/global_step": 2,
  "training/epoch": 0,
  "critic/score/mean": -0.5367270112037659,
  "critic/score/max": 1.9946969747543335,
  "critic/score/min": -1.0,
  "critic/rewards/mean": -0.5388256311416626,
  "critic/rewards/max": 1.9872121810913086,
  "critic/rewards/min": -1.0111150741577148,
  "critic/advantages/mean": -0.1307334154844284,
  "critic/advantages/max": 1.4999988079071045,
  "critic/advantages/min": -1.4998751878738403,
  "critic/returns/mean": -0.1307334154844284,
  "critic/returns/max": 1.4999988079071045,
  "critic/returns/min": -1.4998751878738403,
  "response_length/mean": 295.328125,
  "response_length/max": 512.0,
  "response_length/min": 2.0,
  "response_length/clip_ratio": 0.421875,
  "response_length_non_aborted/mean": 295.328125,
  "response_length_non_aborted/max": 512.0,
  "response_length_non_aborted/min": 2.0,
  "response_length_non_aborted/clip_ratio": 0.421875,
  "response/aborted_ratio": 0.0,
  "prompt_length/mean": 193.0,
  "prompt_length/max": 193.0,
  "prompt_length/min": 193.0,
  "prompt_length/clip_ratio": 0.0,
  "num_turns/min": 2,
  "num_turns/max": 2,
  "num_turns/mean": 2.0,
  "timing_s/start_profile": 0.00012485962361097336,
  "timing_s/agent_loop/generate_sequences/min": 0.0885934541001916,
  "timing_s/agent_loop/generate_sequences/max": 24.337399685755372,
  "timing_s/agent_loop/generate_sequences/mean": 12.42794423190935,
  "timing_s/agent_loop/tool_calls/min": 0.0,
  "timing_s/agent_loop/tool_calls/max": 0.0,
  "timing_s/agent_loop/tool_calls/mean": 0.0,
  "timing_s/agent_loop/slowest/generate_sequences": 24.337399685755372,
  "timing_s/agent_loop/slowest/tool_calls": 0.0,
  "timing_s/agent_loop/slowest/prompt_length": 193,
  "timing_s/agent_loop/slowest/response_length": 512,
  "timing_s/gen": 29.66367510240525,
  "timing_s/reward": 0.020960750058293343,
  "timing_s/old_log_prob": 8.373759428039193,
  "timing_s/ref": 5.331604329869151,
  "timing_s/adv": 331.1879231436178,
  "timing_s/step": 374.5798580683768,
  "timing_s/save_checkpoint": 17.028499227017164,
  "timing_s/stop_profile": 0.0001871734857559204,
  "timing_per_token_ms/adv": 5.298498114478895,
  "timing_per_token_ms/gen": 0.7847117904450889,
  "timing_per_token_ms/ref": 0.08529748071975732,
  "perf/total_num_tokens": 62506,
  "perf/time_per_step": 374.5798580683768,
  "perf/throughput": 83.4348119014317
}